"id","codi_estacio","codi_variable","data_lectura","data_extrem","valor_lectura","codi_estat","codi_base"
"C9353003150930","C9","35","2015-03-30T09:30:00.000",,"0","V","SH"
"C9343003150930","C9","34","2015-03-30T09:30:00.000",,"993.4","V","SH"
"DB033003150930","DB","3","2015-03-30T09:30:00.000","2015-03-30T09:33:00.000","26","V","SH"
"DB443003150930","DB","44","2015-03-30T09:30:00.000","2015-03-30T09:51:00.000","24","V","SH"
"DB313003150930","DB","31","2015-03-30T09:30:00.000",,"2","V","SH"
"DB503003150930","DB","50","2015-03-30T09:30:00.000","2015-03-30T09:57:00.000","16.7","V","SH"
"DB513003150930","DB","51","2015-03-30T09:30:00.000",,"343","V","SH"
"DB353003150930","DB","35","2015-03-30T09:30:00.000",,"0","V","SH"
"DB723003150930","DB","72","2015-03-30T09:30:00.000","2015-03-30T09:30:00.000","0","V","SH"
"DB363003150930","DB","36","2015-03-30T09:30:00.000",,"102","V","SH"
"DB343003150930","DB","34","2015-03-30T09:30:00.000",,"1000","V","SH"
"DB013003150930","DB","1","2015-03-30T09:30:00.000","2015-03-30T09:35:00.000","1000.3","V","SH"
"DB023003150930","DB","2","2015-03-30T09:30:00.000","2015-03-30T09:54:00.000","999.8","V","SH"
"DB323003150930","DB","32","2015-03-30T09:30:00.000",,"19.2","V","SH"
"DB403003150930","DB","40","2015-03-30T09:30:00.000","2015-03-30T09:59:00.000","19.5","V","SH"
"DB423003150930","DB","42","2015-03-30T09:30:00.000","2015-03-30T09:30:00.000","19","V","SH"
"DB333003150930","DB","33","2015-03-30T09:30:00.000",,"26","V","SH"
"DB303003150930","DB","30","2015-03-30T09:30:00.000",,"8.6","V","SH"
"DC323003150930","DC","32","2015-03-30T09:30:00.000",,"15.9","V","SH"
"DC023003150930","DC","2","2015-03-30T09:30:00.000","2015-03-30T09:53:00.000","969.1","V","SH"
"DC423003150930","DC","42","2015-03-30T09:30:00.000","2015-03-30T09:30:00.000","15.3","V","SH"
"DC333003150930","DC","33","2015-03-30T09:30:00.000",,"64","V","SH"
"DC443003150930","DC","44","2015-03-30T09:30:00.000","2015-03-30T09:54:00.000","61","V","SH"
"DC033003150930","DC","3","2015-03-30T09:30:00.000","2015-03-30T09:30:00.000","69","V","SH"
"DC303003150930","DC","30","2015-03-30T09:30:00.000",,"1.1","V","SH"
"DC313003150930","DC","31","2015-03-30T09:30:00.000",,"244","V","SH"
"DC503003150930","DC","50","2015-03-30T09:30:00.000","2015-03-30T09:56:00.000","3","V","SH"
"DC513003150930","DC","51","2015-03-30T09:30:00.000",,"256","V","SH"
"DC353003150930","DC","35","2015-03-30T09:30:00.000",,"0","V","SH"
"DC723003150930","DC","72","2015-03-30T09:30:00.000","2015-03-30T09:30:00.000","0","V","SH"
"DC363003150930","DC","36","2015-03-30T09:30:00.000",,"409","V","SH"
"DC343003150930","DC","34","2015-03-30T09:30:00.000",,"969.4","V","SH"
"DC013003150930","DC","1","2015-03-30T09:30:00.000","2015-03-30T09:59:00.000","969.7","V","SH"
"DC403003150930","DC","40","2015-03-30T09:30:00.000","2015-03-30T09:56:00.000","16.6","V","SH"
"DF513003150930","DF","51","2015-03-30T09:30:00.000",,"304","V","SH"
"DF323003150930","DF","32","2015-03-30T09:30:00.000",,"19","V","SH"
"DF723003150930","DF","72","2015-03-30T09:30:00.000","2015-03-30T09:30:00.000","0","V","SH"
"DF363003150930","DF","36","2015-03-30T09:30:00.000",,"581","V","SH"
"DF343003150930","DF","34","2015-03-30T09:30:00.000",,"1015.8","V","SH"
"DF013003150930","DF","1","2015-03-30T09:30:00.000","2015-03-30T09:41:00.000","1016","V","SH"
"DF023003150930","DF","2","2015-03-30T09:30:00.000","2015-03-30T09:33:00.000","1015.5","V","SH"
"DF403003150930","DF","40","2015-03-30T09:30:00.000","2015-03-30T09:59:00.000","20.3","V","SH"
"DF423003150930","DF","42","2015-03-30T09:30:00.000","2015-03-30T09:30:00.000","17.8","V","SH"
"DF333003150930","DF","33","2015-03-30T09:30:00.000",,"60","V","SH"
"DF443003150930","DF","44","2015-03-30T09:30:00.000","2015-03-30T09:59:00.000","54","V","SH"
"DF033003150930","DF","3","2015-03-30T09:30:00.000","2015-03-30T09:30:00.000","67","V","SH"
"DF303003150930","DF","30","2015-03-30T09:30:00.000",,"0.7","V","SH"
"DF313003150930","DF","31","2015-03-30T09:30:00.000",,"301","V","SH"
"DF503003150930","DF","50","2015-03-30T09:30:00.000","2015-03-30T09:30:00.000","1.8","V","SH"
"DF353003150930","DF","35","2015-03-30T09:30:00.000",,"0","V","SH"
"DG503003150930","DG","50","2015-03-30T09:30:00.000","2015-03-30T09:55:00.000","21.1","V","SH"
"DG313003150930","DG","31","2015-03-30T09:30:00.000",,"28","V","SH"
"DG353003150930","DG","35","2015-03-30T09:30:00.000",,"0","V","SH"
"DG723003150930","DG","72","2015-03-30T09:30:00.000","2015-03-30T09:30:00.000","0","V","SH"
"DG363003150930","DG","36","2015-03-30T09:30:00.000",,"479","V","SH"
"DG343003150930","DG","34","2015-03-30T09:30:00.000",,"805.2","V","SH"
"DG013003150930","DG","1","2015-03-30T09:30:00.000","2015-03-30T09:41:00.000","806.2","V","SH"
"DG023003150930","DG","2","2015-03-30T09:30:00.000","2015-03-30T09:35:00.000","804.2","V","SH"
"DG383003150930","DG","38","2015-03-30T09:30:00.000",,"35","V","SH"
"DG333003150930","DG","33","2015-03-30T09:30:00.000",,"56","V","SH"
"DG443003150930","DG","44","2015-03-30T09:30:00.000","2015-03-30T09:37:00.000","55","V","SH"
"DG323003150930","DG","32","2015-03-30T09:30:00.000",,"10","V","SH"
"DG403003150930","DG","40","2015-03-30T09:30:00.000","2015-03-30T09:43:00.000","10.2","V","SH"
"DG423003150930","DG","42","2015-03-30T09:30:00.000","2015-03-30T09:30:00.000","9.6","V","SH"
"DG033003150930","DG","3","2015-03-30T09:30:00.000","2015-03-30T09:30:00.000","59","V","SH"
"DG303003150930","DG","30","2015-03-30T09:30:00.000",,"6.1","V","SH"
"DG513003150930","DG","51","2015-03-30T09:30:00.000",,"35","V","SH"
"DI403003150930","DI","40","2015-03-30T09:30:00.000","2015-03-30T09:57:00.000","18.1","V","SH"
"DI023003150930","DI","2","2015-03-30T09:30:00.000","2015-03-30T09:53:00.000","970.1","V","SH"
"DI333003150930","DI","33","2015-03-30T09:30:00.000",,"36","V","SH"
"DI443003150930","DI","44","2015-03-30T09:30:00.000","2015-03-30T09:47:00.000","35","V","SH"
"DI033003150930","DI","3","2015-03-30T09:30:00.000","2015-03-30T09:35:00.000","38","V","SH"
"DI323003150930","DI","32","2015-03-30T09:30:00.000",,"17.6","V","SH"
"DI303003150930","DI","30","2015-03-30T09:30:00.000",,"9.9","V","SH"
"DI313003150930","DI","31","2015-03-30T09:30:00.000",,"303","V","SH"
"DI503003150930","DI","50","2015-03-30T09:30:00.000","2015-03-30T09:59:00.000","16.4","V","SH"
"DI513003150930","DI","51","2015-03-30T09:30:00.000",,"292","V","SH"
"DI353003150930","DI","35","2015-03-30T09:30:00.000",,"0","V","SH"
"DI723003150930","DI","72","2015-03-30T09:30:00.000","2015-03-30T09:30:00.000","0","V","SH"
"DI363003150930","DI","36","2015-03-30T09:30:00.000",,"407","V","SH"
"DI343003150930","DI","34","2015-03-30T09:30:00.000",,"970.6","V","SH"
"DI013003150930","DI","1","2015-03-30T09:30:00.000","2015-03-30T09:32:00.000","970.9","V","SH"
"DI423003150930","DI","42","2015-03-30T09:30:00.000","2015-03-30T09:32:00.000","17","V","SH"
"DJ323003150930","DJ","32","2015-03-30T09:30:00.000",,"18.3","V","SH"
"DJ023003150930","DJ","2","2015-03-30T09:30:00.000","2015-03-30T09:30:00.000","997.7","V","SH"
"DJ423003150930","DJ","42","2015-03-30T09:30:00.000","2015-03-30T09:37:00.000","17.6","V","SH"
"DJ333003150930","DJ","33","2015-03-30T09:30:00.000",,"61","V","SH"
"DJ443003150930","DJ","44","2015-03-30T09:30:00.000","2015-03-30T09:43:00.000","58","V","SH"
"DJ033003150930","DJ","3","2015-03-30T09:30:00.000","2015-03-30T09:38:00.000","63","V","SH"
"DJ303003150930","DJ","30","2015-03-30T09:30:00.000",,"1.1","V","SH"
"DJ313003150930","DJ","31","2015-03-30T09:30:00.000",,"82","V","SH"
"DJ503003150930","DJ","50","2015-03-30T09:30:00.000","2015-03-30T09:36:00.000","2.6","V","SH"
"DJ513003150930","DJ","51","2015-03-30T09:30:00.000",,"324","V","SH"
"DJ353003150930","DJ","35","2015-03-30T09:30:00.000",,"0","V","SH"
"DJ723003150930","DJ","72","2015-03-30T09:30:00.000","2015-03-30T09:30:00.000","0","V","SH"
"DJ363003150930","DJ","36","2015-03-30T09:30:00.000",,"601","V","SH"
"DJ343003150930","DJ","34","2015-03-30T09:30:00.000",,"997.9","V","SH"
"DJ013003150930","DJ","1","2015-03-30T09:30:00.000","2015-03-30T09:37:00.000","998.2","V","SH"
"DJ403003150930","DJ","40","2015-03-30T09:30:00.000","2015-03-30T09:45:00.000","18.7","V","SH"
"DK503003150930","DK","50","2015-03-30T09:30:00.000","2015-03-30T09:39:00.000","11.6","V","SH"
"DK313003150930","DK","31","2015-03-30T09:30:00.000",,"286","V","SH"
"DK353003150930","DK","35","2015-03-30T09:30:00.000",,"0","V","SH"
"DK723003150930","DK","72","2015-03-30T09:30:00.000","2015-03-30T09:30:00.000","0","V","SH"
"DK363003150930","DK","36","2015-03-30T09:30:00.000",,"593","V","SH"
"DK343003150930","DK","34","2015-03-30T09:30:00.000",,"1019","V","SH"
"DK013003150930","DK","1","2015-03-30T09:30:00.000","2015-03-30T09:45:00.000","1019.2","V","SH"
"DK033003150930","DK","3","2015-03-30T09:30:00.000","2015-03-30T09:35:00.000","27","V","SH"
"DK303003150930","DK","30","2015-03-30T09:30:00.000",,"5.6","V","SH"
"DK023003150930","DK","2","2015-03-30T09:30:00.000","2015-03-30T09:33:00.000","1018.8","V","SH"
"DK323003150930","DK","32","2015-03-30T09:30:00.000",,"22","V","SH"
"DK403003150930","DK","40","2015-03-30T09:30:00.000","2015-03-30T09:59:00.000","22.3","V","SH"
"DK423003150930","DK","42","2015-03-30T09:30:00.000","2015-03-30T09:30:00.000","21.3","V","SH"
"DK333003150930","DK","33","2015-03-30T09:30:00.000",,"26","V","SH"
"DK443003150930","DK","44","2015-03-30T09:30:00.000","2015-03-30T09:48:00.000","25","V","SH"
"DK513003150930","DK","51","2015-03-30T09:30:00.000",,"295","V","SH"
"DL313003150930","DL","31","2015-03-30T09:30:00.000",,"319","V","SH"
"DL333003150930","DL","33","2015-03-30T09:30:00.000",,"35","V","SH"
"DL513003150930","DL","51","2015-03-30T09:30:00.000",,"320","V","SH"
"DL353003150930","DL","35","2015-03-30T09:30:00.000",,"0","V","SH"
"DL723003150930","DL","72","2015-03-30T09:30:00.000","2015-03-30T09:30:00.000","0","V","SH"
"DL363003150930","DL","36","2015-03-30T09:30:00.000",,"84","V","SH"
"DL343003150930","DL","34","2015-03-30T09:30:00.000",,"1019.9","V","SH"
"DL013003150930","DL","1","2015-03-30T09:30:00.000","2015-03-30T09:31:00.000","1020","V","SH"
"DL023003150930","DL","2","2015-03-30T09:30:00.000","2015-03-30T09:50:00.000","1019.6","V","SH"
"DL323003150930","DL","32","2015-03-30T09:30:00.000",,"19.8","V","SH"
"DL403003150930","DL","40","2015-03-30T09:30:00.000","2015-03-30T09:31:00.000","20.1","V","SH"
"DL443003150930","DL","44","2015-03-30T09:30:00.000","2015-03-30T09:30:00.000","33","V","SH"
"DL033003150930","DL","3","2015-03-30T09:30:00.000","2015-03-30T09:41:00.000","37","V","SH"
"DL303003150930","DL","30","2015-03-30T09:30:00.000",,"6.1","V","SH"
"DL423003150930","DL","42","2015-03-30T09:30:00.000","2015-03-30T09:41:00.000","19.6","V","SH"
"DL503003150930","DL","50","2015-03-30T09:30:00.000","2015-03-30T09:39:00.000","12.4","V","SH"
"DN323003150930","DN","32","2015-03-30T09:30:00.000",,"17.7","V","SH"
"DN023003150930","DN","2","2015-03-30T09:30:00.000","2015-03-30T09:57:00.000","1000.7","V","SH"
"DN423003150930","DN","42","2015-03-30T09:30:00.000","2015-03-30T09:30:00.000","17.2","V","SH"
"DN333003150930","DN","33","2015-03-30T09:30:00.000",,"49","V","SH"
"DN443003150930","DN","44","2015-03-30T09:30:00.000","2015-03-30T09:50:00.000","44","V","SH"
"DN033003150930","DN","3","2015-03-30T09:30:00.000","2015-03-30T09:30:00.000","53","V","SH"
"DN303003150930","DN","30","2015-03-30T09:30:00.000",,"1","V","SH"
"DN313003150930","DN","31","2015-03-30T09:30:00.000",,"43","V","SH"
"DN503003150930","DN","50","2015-03-30T09:30:00.000","2015-03-30T09:45:00.000","3.4","V","SH"
"DN513003150930","DN","51","2015-03-30T09:30:00.000",,"331","V","SH"
"DN353003150930","DN","35","2015-03-30T09:30:00.000",,"0","V","SH"
"DN723003150930","DN","72","2015-03-30T09:30:00.000","2015-03-30T09:30:00.000","0","V","SH"
"DN363003150930","DN","36","2015-03-30T09:30:00.000",,"367","V","SH"
"DN343003150930","DN","34","2015-03-30T09:30:00.000",,"1000.9","V","SH"
"DN013003150930","DN","1","2015-03-30T09:30:00.000","2015-03-30T09:43:00.000","1001.2","V","SH"
"DN403003150930","DN","40","2015-03-30T09:30:00.000","2015-03-30T09:59:00.000","17.9","V","SH"
"DO323003150930","DO","32","2015-03-30T09:30:00.000",,"17.2","V","SH"
"DO023003150930","DO","2","2015-03-30T09:30:00.000","2015-03-30T09:30:00.000","1017.3","V","SH"
"DO423003150930","DO","42","2015-03-30T09:30:00.000","2015-03-30T09:30:00.000","16.5","V","SH"
"DO333003150930","DO","33","2015-03-30T09:30:00.000",,"62","V","SH"
"DO443003150930","DO","44","2015-03-30T09:30:00.000","2015-03-30T09:55:00.000","54","V","SH"
"DO033003150930","DO","3","2015-03-30T09:30:00.000","2015-03-30T09:30:00.000","68","V","SH"
"DO303003150930","DO","30","2015-03-30T09:30:00.000",,"0.5","V","SH"
"DO313003150930","DO","31","2015-03-30T09:30:00.000",,"79","V","SH"
"DO503003150930","DO","50","2015-03-30T09:30:00.000","2015-03-30T09:41:00.000","1.9","V","SH"
"DO513003150930","DO","51","2015-03-30T09:30:00.000",,"63","V","SH"
"DO353003150930","DO","35","2015-03-30T09:30:00.000",,"0","V","SH"
"DO723003150930","DO","72","2015-03-30T09:30:00.000","2015-03-30T09:30:00.000","0","V","SH"
"DO363003150930","DO","36","2015-03-30T09:30:00.000",,"367","V","SH"
"DO343003150930","DO","34","2015-03-30T09:30:00.000",,"1017.5","V","SH"
"DO013003150930","DO","1","2015-03-30T09:30:00.000","2015-03-30T09:50:00.000","1017.7","V","SH"
"DO403003150930","DO","40","2015-03-30T09:30:00.000","2015-03-30T09:53:00.000","17.8","V","SH"
"DP323003150930","DP","32","2015-03-30T09:30:00.000",,"14.8","V","SH"
"DP503003150930","DP","50","2015-03-30T09:30:00.000","2015-03-30T09:55:00.000","2.9","V","SH"
"DP423003150930","DP","42","2015-03-30T09:30:00.000","2015-03-30T09:30:00.000","14.3","V","SH"
"DP333003150930","DP","33","2015-03-30T09:30:00.000",,"44","V","SH"
"DP443003150930","DP","44","2015-03-30T09:30:00.000","2015-03-30T09:36:00.000","42","V","SH"
"DP033003150930","DP","3","2015-03-30T09:30:00.000","2015-03-30T09:54:00.000","47","V","SH"
"DP303003150930","DP","30","2015-03-30T09:30:00.000",,"1","V","SH"
"DP313003150930","DP","31","2015-03-30T09:30:00.000",,"14","V","SH"
"DP513003150930","DP","51","2015-03-30T09:30:00.000",,"43","V","SH"
"DP353003150930","DP","35","2015-03-30T09:30:00.000",,"0","V","SH"
"DP723003150930","DP","72","2015-03-30T09:30:00.000","2015-03-30T09:30:00.000","0","V","SH"
"DP363003150930","DP","36","2015-03-30T09:30:00.000",,"259","V","SH"
"DP343003150930","DP","34","2015-03-30T09:30:00.000",,"895.1","V","SH"
"DP013003150930","DP","1","2015-03-30T09:30:00.000","2015-03-30T09:33:00.000","895.4","V","SH"
"DP023003150930","DP","2","2015-03-30T09:30:00.000","2015-03-30T09:52:00.000","894.8","V","SH"
"DP383003150930","DP","38","2015-03-30T09:30:00.000",,"0","V","SH"
"DP403003150930","DP","40","2015-03-30T09:30:00.000","2015-03-30T09:55:00.000","15.5","V","SH"
"DQ023003150930","DQ","2","2015-03-30T09:30:00.000","2015-03-30T09:40:00.000","986.4","V","SH"
"DQ313003150930","DQ","31","2015-03-30T09:30:00.000",,"314","V","SH"
"DQ403003150930","DQ","40","2015-03-30T09:30:00.000","2015-03-30T09:48:00.000","18.6","V","SH"
"DQ423003150930","DQ","42","2015-03-30T09:30:00.000","2015-03-30T09:30:00.000","17.8","V","SH"
"DQ333003150930","DQ","33","2015-03-30T09:30:00.000",,"29","V","SH"
"DQ443003150930","DQ","44","2015-03-30T09:30:00.000","2015-03-30T09:51:00.000","28","V","SH"
"DQ503003150930","DQ","50","2015-03-30T09:30:00.000","2015-03-30T09:50:00.000","15.4","V","SH"
"DQ513003150930","DQ","51","2015-03-30T09:30:00.000",,"303","V","SH"
"DQ353003150930","DQ","35","2015-03-30T09:30:00.000",,"0","V","SH"
"DQ723003150930","DQ","72","2015-03-30T09:30:00.000","2015-03-30T09:30:00.000","0","V","SH"
"DQ363003150930","DQ","36","2015-03-30T09:30:00.000",,"546","V","SH"
"DQ343003150930","DQ","34","2015-03-30T09:30:00.000",,"986.7","V","SH"
"DQ013003150930","DQ","1","2015-03-30T09:30:00.000","2015-03-30T09:57:00.000","986.9","V","SH"
"DQ033003150930","DQ","3","2015-03-30T09:30:00.000","2015-03-30T09:35:00.000","29","V","SH"
"DQ303003150930","DQ","30","2015-03-30T09:30:00.000",,"7.6","V","SH"
"DQ323003150930","DQ","32","2015-03-30T09:30:00.000",,"18.3","V","SH"
"D1423003150930","D1","42","2015-03-30T09:30:00.000","2015-03-30T09:30:00.000","18","V","SH"
"D1513003150930","D1","51","2015-03-30T09:30:00.000",,"251","V","SH"
"D1443003150930","D1","44","2015-03-30T09:30:00.000","2015-03-30T09:57:00.000","31","V","SH"
"D1033003150930","D1","3","2015-03-30T09:30:00.000","2015-03-30T09:32:00.000","34","V","SH"
"D1323003150930","D1","32","2015-03-30T09:30:00.000",,"18.3","V","SH"
"D1403003150930","D1","40","2015-03-30T09:30:00.000","2015-03-30T09:42:00.000","18.5","V","SH"
"D1353003150930","D1","35","2015-03-30T09:30:00.000",,"0","V","SH"
"D1723003150930","D1","72","2015-03-30T09:30:00.000","2015-03-30T09:30:00.000","0","V","SH"
"D1363003150930","D1","36","2015-03-30T09:30:00.000",,"608","V","SH"
"D1343003150930","D1","34","2015-03-30T09:30:00.000",,"974.4","V","SH"
"D1013003150930","D1","1","2015-03-30T09:30:00.000","2015-03-30T09:34:00.000","974.6","V","SH"
"D1023003150930","D1","2","2015-03-30T09:30:00.000","2015-03-30T09:55:00.000","974","V","SH"
"D1303003150930","D1","30","2015-03-30T09:30:00.000",,"7.1","V","SH"
"D1313003150930","D1","31","2015-03-30T09:30:00.000",,"243","V","SH"
"D1503003150930","D1","50","2015-03-30T09:30:00.000","2015-03-30T09:55:00.000","13.8","V","SH"
"D1333003150930","D1","33","2015-03-30T09:30:00.000",,"33","V","SH"
"D2403003150930","D2","40","2015-03-30T09:30:00.000","2015-03-30T09:59:00.000","16.3","V","SH"
"D2423003150930","D2","42","2015-03-30T09:30:00.000","2015-03-30T09:30:00.000","15.5","V","SH"
"D2333003150930","D2","33","2015-03-30T09:30:00.000",,"47","V","SH"
"D2443003150930","D2","44","2015-03-30T09:30:00.000","2015-03-30T09:55:00.000","45","V","SH"
"D2033003150930","D2","3","2015-03-30T09:30:00.000","2015-03-30T09:46:00.000","49","V","SH"
"D2323003150930","D2","32","2015-03-30T09:30:00.000",,"15.9","V","SH"
"D2723003150930","D2","72","2015-03-30T09:30:00.000","2015-03-30T09:30:00.000","0","V","SH"
"D2343003150930","D2","34","2015-03-30T09:30:00.000",,"979","V","SH"
"D2013003150930","D2","1","2015-03-30T09:30:00.000","2015-03-30T09:45:00.000","979.2","V","SH"
"D2023003150930","D2","2","2015-03-30T09:30:00.000","2015-03-30T09:38:00.000","978.9","V","SH"
"D2353003150930","D2","35","2015-03-30T09:30:00.000",,"0","V","SH"
"D3423003150930","D3","42","2015-03-30T09:30:00.000","2015-03-30T09:30:00.000","18","V","SH"
"D3333003150930","D3","33","2015-03-30T09:30:00.000",,"35","V","SH"
"D3443003150930","D3","44","2015-03-30T09:30:00.000","2015-03-30T09:59:00.000","34","V","SH"
"D3033003150930","D3","3","2015-03-30T09:30:00.000","2015-03-30T09:32:00.000","37","V","SH"
"D3323003150930","D3","32","2015-03-30T09:30:00.000",,"18.3","V","SH"
"D3403003150930","D3","40","2015-03-30T09:30:00.000","2015-03-30T09:59:00.000","18.6","V","SH"
"D3303003150930","D3","30","2015-03-30T09:30:00.000",,"4.9","V","SH"
"D3313003150930","D3","31","2015-03-30T09:30:00.000",,"313","V","SH"
"D3503003150930","D3","50","2015-03-30T09:30:00.000","2015-03-30T09:37:00.000","10.8","V","SH"
"D3513003150930","D3","51","2015-03-30T09:30:00.000",,"322","V","SH"
"D3353003150930","D3","35","2015-03-30T09:30:00.000",,"0","V","SH"
"D3723003150930","D3","72","2015-03-30T09:30:00.000","2015-03-30T09:30:00.000","0","V","SH"
"D3363003150930","D3","36","2015-03-30T09:30:00.000",,"305","V","SH"
"D3343003150930","D3","34","2015-03-30T09:30:00.000",,"988.7","V","SH"
"D3013003150930","D3","1","2015-03-30T09:30:00.000","2015-03-30T09:51:00.000","989.1","V","SH"
"D3023003150930","D3","2","2015-03-30T09:30:00.000","2015-03-30T09:43:00.000","988.4","V","SH"
"D4323003150930","D4","32","2015-03-30T09:30:00.000",,"16","V","SH"
"D4023003150930","D4","2","2015-03-30T09:30:00.000","2015-03-30T09:44:00.000","1015.8","V","SH"
"D4423003150930","D4","42","2015-03-30T09:30:00.000","2015-03-30T09:34:00.000","15.7","V","SH"
"D4503003150930","D4","50","2015-03-30T09:30:00.000","2015-03-30T09:55:00.000","1.9","V","SH"
"D4513003150930","D4","51","2015-03-30T09:30:00.000",,"126","V","SH"
"D4353003150930","D4","35","2015-03-30T09:30:00.000",,"0","V","SH"
"D4723003150930","D4","72","2015-03-30T09:30:00.000","2015-03-30T09:30:00.000","0","V","SH"
"D4333003150930","D4","33","2015-03-30T09:30:00.000",,"68","V","SH"
"D4443003150930","D4","44","2015-03-30T09:30:00.000","2015-03-30T09:59:00.000","64","V","SH"
"D4033003150930","D4","3","2015-03-30T09:30:00.000","2015-03-30T09:35:00.000","72","V","SH"
"D4303003150930","D4","30","2015-03-30T09:30:00.000",,"1","V","SH"
"D4313003150930","D4","31","2015-03-30T09:30:00.000",,"88","V","SH"
"D4363003150930","D4","36","2015-03-30T09:30:00.000",,"340","V","SH"
"D4343003150930","D4","34","2015-03-30T09:30:00.000",,"1016.1","V","SH"
"D4013003150930","D4","1","2015-03-30T09:30:00.000","2015-03-30T09:36:00.000","1016.3","V","SH"
"D4403003150930","D4","40","2015-03-30T09:30:00.000","2015-03-30T09:59:00.000","17","V","SH"
"D5723003150930","D5","72","2015-03-30T09:30:00.000","2015-03-30T09:30:00.000","0","V","SH"
"D5353003150930","D5","35","2015-03-30T09:30:00.000",,"0","V","SH"
"D5343003150930","D5","34","2015-03-30T09:30:00.000",,"970.5","V","SH"
"D5013003150930","D5","1","2015-03-30T09:30:00.000","2015-03-30T09:53:00.000","970.8","V","SH"
"D5023003150930","D5","2","2015-03-30T09:30:00.000","2015-03-30T09:58:00.000","970.3","V","SH"
"D5443003150930","D5","44","2015-03-30T09:30:00.000","2015-03-30T09:50:00.000","44","V","SH"
"D5033003150930","D5","3","2015-03-30T09:30:00.000","2015-03-30T09:38:00.000","46","V","SH"
"D5323003150930","D5","32","2015-03-30T09:30:00.000",,"15.1","V","SH"
"D5403003150930","D5","40","2015-03-30T09:30:00.000","2015-03-30T09:56:00.000","15.3","V","SH"
"D5423003150930","D5","42","2015-03-30T09:30:00.000","2015-03-30T09:30:00.000","14.8","V","SH"
"D5333003150930","D5","33","2015-03-30T09:30:00.000",,"45","V","SH"
"D5303003150930","D5","30","2015-03-30T09:30:00.000",,"9.8","V","SH"
"D5313003150930","D5","31","2015-03-30T09:30:00.000",,"310","V","SH"
"D5503003150930","D5","50","2015-03-30T09:30:00.000","2015-03-30T09:43:00.000","15.3","V","SH"
"D5513003150930","D5","51","2015-03-30T09:30:00.000",,"307","V","SH"
"D5363003150930","D5","36","2015-03-30T09:30:00.000",,"286","V","SH"
"D6303003150930","D6","30","2015-03-30T09:30:00.000",,"6.3","V","SH"
"D6023003150930","D6","2","2015-03-30T09:30:00.000","2015-03-30T09:31:00.000","994.5","V","SH"
"D6423003150930","D6","42","2015-03-30T09:30:00.000","2015-03-30T09:34:00.000","18.1","V","SH"
"D6333003150930","D6","33","2015-03-30T09:30:00.000",,"36","V","SH"
"D6443003150930","D6","44","2015-03-30T09:30:00.000","2015-03-30T09:55:00.000","35","V","SH"
"D6033003150930","D6","3","2015-03-30T09:30:00.000","2015-03-30T09:57:00.000","37","V","SH"
"D6323003150930","D6","32","2015-03-30T09:30:00.000",,"18.8","V","SH"
"D6403003150930","D6","40","2015-03-30T09:30:00.000","2015-03-30T09:59:00.000","19.8","V","SH"
"D6503003150930","D6","50","2015-03-30T09:30:00.000","2015-03-30T09:36:00.000","17.8","V","SH"
"D6513003150930","D6","51","2015-03-30T09:30:00.000",,"294","V","SH"
"D6353003150930","D6","35","2015-03-30T09:30:00.000",,"0","V","SH"
"D6723003150930","D6","72","2015-03-30T09:30:00.000","2015-03-30T09:30:00.000","0","V","SH"
"D6363003150930","D6","36","2015-03-30T09:30:00.000",,"408","V","SH"
"D6343003150930","D6","34","2015-03-30T09:30:00.000",,"995.2","V","SH"
"D6013003150930","D6","1","2015-03-30T09:30:00.000","2015-03-30T09:59:00.000","995.7","V","SH"
"D6313003150930","D6","31","2015-03-30T09:30:00.000",,"263","V","SH"
"D7323003150930","D7","32","2015-03-30T09:30:00.000",,"20.7","V","SH"
"D7023003150930","D7","2","2015-03-30T09:30:00.000","2015-03-30T09:57:00.000","1015.6","V","SH"
"D7423003150930","D7","42","2015-03-30T09:30:00.000","2015-03-30T09:30:00.000","20.3","V","SH"
"D7333003150930","D7","33","2015-03-30T09:30:00.000",,"30","V","SH"
"D7443003150930","D7","44","2015-03-30T09:30:00.000","2015-03-30T09:50:00.000","28","V","SH"
"D7033003150930","D7","3","2015-03-30T09:30:00.000","2015-03-30T09:34:00.000","31","V","SH"
"D7303003150930","D7","30","2015-03-30T09:30:00.000",,"5.4","V","SH"
"D7313003150930","D7","31","2015-03-30T09:30:00.000",,"307","V","SH"
"D7503003150930","D7","50","2015-03-30T09:30:00.000","2015-03-30T09:50:00.000","10.6","V","SH"
"D7513003150930","D7","51","2015-03-30T09:30:00.000",,"311","V","SH"
"D7353003150930","D7","35","2015-03-30T09:30:00.000",,"0","V","SH"
"D7723003150930","D7","72","2015-03-30T09:30:00.000","2015-03-30T09:30:00.000","0","V","SH"
"D7363003150930","D7","36","2015-03-30T09:30:00.000",,"578","V","SH"
"D7343003150930","D7","34","2015-03-30T09:30:00.000",,"1015.7","V","SH"
"D7013003150930","D7","1","2015-03-30T09:30:00.000","2015-03-30T09:41:00.000","1015.8","V","SH"
"D7403003150930","D7","40","2015-03-30T09:30:00.000","2015-03-30T09:41:00.000","20.9","V","SH"
"D8343003150930","D8","34","2015-03-30T09:30:00.000",,"963.7","V","SH"
"D8363003150930","D8","36","2015-03-30T09:30:00.000",,"722","V","SH"
"D8023003150930","D8","2","2015-03-30T09:30:00.000","2015-03-30T09:33:00.000","963.5","V","SH"
"D8323003150930","D8","32","2015-03-30T09:30:00.000",,"17.7","V","SH"
"D8403003150930","D8","40","2015-03-30T09:30:00.000","2015-03-30T09:58:00.000","18.2","V","SH"
"D8423003150930","D8","42","2015-03-30T09:30:00.000","2015-03-30T09:35:00.000","17.3","V","SH"
"D8333003150930","D8","33","2015-03-30T09:30:00.000",,"39","V","SH"
"D8443003150930","D8","44","2015-03-30T09:30:00.000","2015-03-30T09:54:00.000","36","V","SH"
"D8033003150930","D8","3","2015-03-30T09:30:00.000","2015-03-30T09:30:00.000","44","V","SH"
"D8303003150930","D8","30","2015-03-30T09:30:00.000",,"7.9","V","SH"
"D8313003150930","D8","31","2015-03-30T09:30:00.000",,"292","V","SH"
"D8503003150930","D8","50","2015-03-30T09:30:00.000","2015-03-30T09:35:00.000","16.8","V","SH"
"D8513003150930","D8","51","2015-03-30T09:30:00.000",,"286","V","SH"
"D8353003150930","D8","35","2015-03-30T09:30:00.000",,"0","V","SH"
"D8723003150930","D8","72","2015-03-30T09:30:00.000","2015-03-30T09:30:00.000","0","V","SH"
"D8013003150930","D8","1","2015-03-30T09:30:00.000","2015-03-30T09:44:00.000","964","V","SH"
"D9303003150930","D9","30","2015-03-30T09:30:00.000",,"11","V","SH"
"D9033003150930","D9","3","2015-03-30T09:30:00.000","2015-03-30T09:30:00.000","31","V","SH"
"D9503003150930","D9","50","2015-03-30T09:30:00.000","2015-03-30T09:34:00.000","17.7","V","SH"
"D9513003150930","D9","51","2015-03-30T09:30:00.000",,"312","V","SH"
"D9353003150930","D9","35","2015-03-30T09:30:00.000",,"0","V","SH"
"D9723003150930","D9","72","2015-03-30T09:30:00.000","2015-03-30T09:30:00.000","0","V","SH"
"D9363003150930","D9","36","2015-03-30T09:30:00.000",,"678","V","SH"
"D9343003150930","D9","34","2015-03-30T09:30:00.000",,"1011.5","V","SH"
"D9013003150930","D9","1","2015-03-30T09:30:00.000","2015-03-30T09:40:00.000","1011.9","V","SH"
"D9023003150930","D9","2","2015-03-30T09:30:00.000","2015-03-30T09:54:00.000","1011.3","V","SH"
"D9323003150930","D9","32","2015-03-30T09:30:00.000",,"21.2","V","SH"
"D9403003150930","D9","40","2015-03-30T09:30:00.000","2015-03-30T09:56:00.000","21.6","V","SH"
"D9423003150930","D9","42","2015-03-30T09:30:00.000","2015-03-30T09:30:00.000","20.8","V","SH"
"D9333003150930","D9","33","2015-03-30T09:30:00.000",,"31","V","SH"
"D9443003150930","D9","44","2015-03-30T09:30:00.000","2015-03-30T09:57:00.000","30","V","SH"
"D9313003150930","D9","31","2015-03-30T09:30:00.000",,"304","V","SH"
"H1363003150930","H1","36","2015-03-30T09:30:00.000",,"397","V","SH"
"H1323003150930","H1","32","2015-03-30T09:30:00.000",,"17","V","SH"
"H1013003150930","H1","1","2015-03-30T09:30:00.000","2015-03-30T09:41:00.000","980.8","V","SH"
"H1023003150930","H1","2","2015-03-30T09:30:00.000","2015-03-30T09:33:00.000","980.7","V","SH"
"H1403003150930","H1","40","2015-03-30T09:30:00.000","2015-03-30T09:59:00.000","17.6","V","SH"
"H1423003150930","H1","42","2015-03-30T09:30:00.000","2015-03-30T09:30:00.000","16.4","V","SH"
"H1333003150930","H1","33","2015-03-30T09:30:00.000",,"42","V","SH"
"H1443003150930","H1","44","2015-03-30T09:30:00.000","2015-03-30T09:45:00.000","40","V","SH"
"H1303003150930","H1","30","2015-03-30T09:30:00.000",,"5.1","V","SH"
"H1313003150930","H1","31","2015-03-30T09:30:00.000",,"284","V","SH"
"H1503003150930","H1","50","2015-03-30T09:30:00.000","2015-03-30T09:42:00.000","8.7","V","SH"
"H1513003150930","H1","51","2015-03-30T09:30:00.000",,"273","V","SH"
"H1353003150930","H1","35","2015-03-30T09:30:00.000",,"0","V","SH"
"H1723003150930","H1","72","2015-03-30T09:30:00.000","2015-03-30T09:30:00.000","0","V","SH"
"H1033003150930","H1","3","2015-03-30T09:30:00.000","2015-03-30T09:56:00.000","45","V","SH"
"H1343003150930","H1","34","2015-03-30T09:30:00.000",,"980.7","V","SH"
"MR013003150930","MR","1","2015-03-30T09:30:00.000","2015-03-30T09:37:00.000","963","V","SH"
"MR443003150930","MR","44","2015-03-30T09:30:00.000","2015-03-30T09:58:00.000","31","V","SH"
"MR503003150930","MR","50","2015-03-30T09:30:00.000","2015-03-30T09:41:00.000","15.3","V","SH"
"MR513003150930","MR","51","2015-03-30T09:30:00.000",,"297","V","SH"
"MR353003150930","MR","35","2015-03-30T09:30:00.000",,"0","V","SH"
"MR723003150930","MR","72","2015-03-30T09:30:00.000","2015-03-30T09:30:00.000","0","V","SH"
"MR363003150930","MR","36","2015-03-30T09:30:00.000",,"262","V","SH"
"MR343003150930","MR","34","2015-03-30T09:30:00.000",,"962.7","V","SH"
"MR033003150930","MR","3","2015-03-30T09:30:00.000","2015-03-30T09:48:00.000","33","V","SH"
"MR303003150930","MR","30","2015-03-30T09:30:00.000",,"7.3","V","SH"
"MR313003150930","MR","31","2015-03-30T09:30:00.000",,"274","V","SH"
"MR323003150930","MR","32","2015-03-30T09:30:00.000",,"16.8","V","SH"
"MR403003150930","MR","40","2015-03-30T09:30:00.000","2015-03-30T09:53:00.000","17","V","SH"
"MR423003150930","MR","42","2015-03-30T09:30:00.000","2015-03-30T09:30:00.000","16.3","V","SH"
"MR333003150930","MR","33","2015-03-30T09:30:00.000",,"33","V","SH"
"MR023003150930","MR","2","2015-03-30T09:30:00.000","2015-03-30T09:54:00.000","962.4","V","SH"
"R1313003150930","R1","31","2015-03-30T09:30:00.000",,"351","V","SH"
"R1303003150930","R1","30","2015-03-30T09:30:00.000",,"2.9","V","SH"
"R1513003150930","R1","51","2015-03-30T09:30:00.000",,"351","V","SH"
"R1353003150930","R1","35","2015-03-30T09:30:00.000",,"0","V","SH"
"R1723003150930","R1","72","2015-03-30T09:30:00.000","2015-03-30T09:30:00.000","0","V","SH"
"R1363003150930","R1","36","2015-03-30T09:30:00.000",,"327","V","SH"
"R1343003150930","R1","34","2015-03-30T09:30:00.000",,"994.9","V","SH"
"R1013003150930","R1","1","2015-03-30T09:30:00.000","2015-03-30T09:32:00.000","995","V","SH"
"R1023003150930","R1","2","2015-03-30T09:30:00.000","2015-03-30T09:53:00.000","994.7","V","SH"
"R1323003150930","R1","32","2015-03-30T09:30:00.000",,"13.5","V","SH"
"R1403003150930","R1","40","2015-03-30T09:30:00.000","2015-03-30T09:59:00.000","14.2","V","SH"
"R1423003150930","R1","42","2015-03-30T09:30:00.000","2015-03-30T09:30:00.000","12.6","V","SH"
"R1333003150930","R1","33","2015-03-30T09:30:00.000",,"71","V","SH"
"R1443003150930","R1","44","2015-03-30T09:30:00.000","2015-03-30T09:49:00.000","69","V","SH"
"R1033003150930","R1","3","2015-03-30T09:30:00.000","2015-03-30T09:30:00.000","73","V","SH"
"R1503003150930","R1","50","2015-03-30T09:30:00.000","2015-03-30T09:32:00.000","4.1","V","SH"
"UA323003150930","UA","32","2015-03-30T09:30:00.000",,"19.5","V","SH"
"UA403003150930","UA","40","2015-03-30T09:30:00.000","2015-03-30T09:55:00.000","19.8","V","SH"
"UA423003150930","UA","42","2015-03-30T09:30:00.000","2015-03-30T09:30:00.000","19.3","V","SH"
"UA333003150930","UA","33","2015-03-30T09:30:00.000",,"33","V","SH"
"UA443003150930","UA","44","2015-03-30T09:30:00.000","2015-03-30T09:53:00.000","31","V","SH"
"UA033003150930","UA","3","2015-03-30T09:30:00.000","2015-03-30T09:38:00.000","34","V","SH"
"UA363003150930","UA","36","2015-03-30T09:30:00.000",,"109","V","SH"
"UA473003150930","UA","47","2015-03-30T09:30:00.000",,"320","V","SH"
"UA563003150930","UA","56","2015-03-30T09:30:00.000","2015-03-30T09:50:00.000","7.4","V","SH"
"UA573003150930","UA","57","2015-03-30T09:30:00.000",,"312","V","SH"
"UA353003150930","UA","35","2015-03-30T09:30:00.000",,"0","V","SH"
"UA723003150930","UA","72","2015-03-30T09:30:00.000","2015-03-30T09:30:00.000","0","V","SH"
"UA463003150930","UA","46","2015-03-30T09:30:00.000",,"2.2","V","SH"
"UB563003150930","UB","56","2015-03-30T09:30:00.000","2015-03-30T09:55:00.000","1.6","V","SH"
"UB573003150930","UB","57","2015-03-30T09:30:00.000",,"8","V","SH"
"UB323003150930","UB","32","2015-03-30T09:30:00.000",,"18.1","V","SH"
"UB403003150930","UB","40","2015-03-30T09:30:00.000","2015-03-30T09:41:00.000","18.4","V","SH"
"UB423003150930","UB","42","2015-03-30T09:30:00.000","2015-03-30T09:33:00.000","17.6","V","SH"
"UB333003150930","UB","33","2015-03-30T09:30:00.000",,"65","V","SH"
"UB593003150930","UB","59","2015-03-30T09:30:00.000",,"358","V","SH"
"UB033003150930","UB","3","2015-03-30T09:30:00.000","2015-03-30T09:37:00.000","69","V","SH"
"UB463003150930","UB","46","2015-03-30T09:30:00.000",,"0.6","V","SH"
"UB473003150930","UB","47","2015-03-30T09:30:00.000",,"312","V","SH"
"UB353003150930","UB","35","2015-03-30T09:30:00.000",,"0","V","SH"
"UB723003150930","UB","72","2015-03-30T09:30:00.000","2015-03-30T09:30:00.000","0","V","SH"
"UB363003150930","UB","36","2015-03-30T09:30:00.000",,"673","V","SH"
"UB443003150930","UB","44","2015-03-30T09:30:00.000","2015-03-30T09:50:00.000","61","V","SH"
"UC423003150930","UC","42","2015-03-30T09:30:00.000","2015-03-30T09:30:00.000","16.5","V","SH"
"UC333003150930","UC","33","2015-03-30T09:30:00.000",,"67","V","SH"
"UC443003150930","UC","44","2015-03-30T09:30:00.000","2015-03-30T09:59:00.000","62","V","SH"
"UC033003150930","UC","3","2015-03-30T09:30:00.000","2015-03-30T09:31:00.000","74","V","SH"
"UC463003150930","UC","46","2015-03-30T09:30:00.000",,"0.2","V","SH"
"UC473003150930","UC","47","2015-03-30T09:30:00.000",,"168","V","SH"
"UC403003150930","UC","40","2015-03-30T09:30:00.000","2015-03-30T09:59:00.000","18.9","V","SH"
"UC573003150930","UC","57","2015-03-30T09:30:00.000",,"200","V","SH"
"UC353003150930","UC","35","2015-03-30T09:30:00.000",,"0","V","SH"
"UC723003150930","UC","72","2015-03-30T09:30:00.000","2015-03-30T09:30:00.000","0","V","SH"
"UC363003150930","UC","36","2015-03-30T09:30:00.000",,"523","V","SH"
"UC593003150930","UC","59","2015-03-30T09:30:00.000",,"290","V","SH"
"UC323003150930","UC","32","2015-03-30T09:30:00.000",,"18","V","SH"
"UC563003150930","UC","56","2015-03-30T09:30:00.000","2015-03-30T09:52:00.000","1.2","V","SH"
"UE403003150930","UE","40","2015-03-30T09:30:00.000","2015-03-30T09:58:00.000","18.7","V","SH"
"UE423003150930","UE","42","2015-03-30T09:30:00.000","2015-03-30T09:30:00.000","17","V","SH"
"UE333003150930","UE","33","2015-03-30T09:30:00.000",,"64","V","SH"
"UE353003150930","UE","35","2015-03-30T09:30:00.000",,"0","V","SH"
"UE723003150930","UE","72","2015-03-30T09:30:00.000","2015-03-30T09:30:00.000","0","V","SH"
"UE323003150930","UE","32","2015-03-30T09:30:00.000",,"17.9","V","SH"
"UE033003150930","UE","3","2015-03-30T09:30:00.000","2015-03-30T09:30:00.000","69","V","SH"
"UE443003150930","UE","44","2015-03-30T09:30:00.000","2015-03-30T09:59:00.000","61","V","SH"
"UF323003150930","UF","32","2015-03-30T09:30:00.000",,"15.7","V","SH"
"UF403003150930","UF","40","2015-03-30T09:30:00.000","2015-03-30T09:59:00.000","16.1","V","SH"
"UF423003150930","UF","42","2015-03-30T09:30:00.000","2015-03-30T09:39:00.000","15.6","V","SH"
"UF333003150930","UF","33","2015-03-30T09:30:00.000",,"39","V","SH"
"UF443003150930","UF","44","2015-03-30T09:30:00.000","2015-03-30T09:52:00.000","37","V","SH"
"UF033003150930","UF","3","2015-03-30T09:30:00.000","2015-03-30T09:31:00.000","41","V","SH"
"UF363003150930","UF","36","2015-03-30T09:30:00.000",,"381","V","SH"
"UF473003150930","UF","47","2015-03-30T09:30:00.000",,"306","V","SH"
"UF563003150930","UF","56","2015-03-30T09:30:00.000","2015-03-30T09:47:00.000","8","V","SH"
"UF573003150930","UF","57","2015-03-30T09:30:00.000",,"304","V","SH"
"UF353003150930","UF","35","2015-03-30T09:30:00.000",,"0","V","SH"
"UF723003150930","UF","72","2015-03-30T09:30:00.000","2015-03-30T09:30:00.000","0","V","SH"
"UF463003150930","UF","46","2015-03-30T09:30:00.000",,"3.4","V","SH"
"UG473003150930","UG","47","2015-03-30T09:30:00.000",,"50","V","SH"
"UG563003150930","UG","56","2015-03-30T09:30:00.000","2015-03-30T09:54:00.000","3.4","V","SH"
"UG573003150930","UG","57","2015-03-30T09:30:00.000",,"0","V","SH"
"UG353003150930","UG","35","2015-03-30T09:30:00.000",,"0","V","SH"
"UG723003150930","UG","72","2015-03-30T09:30:00.000","2015-03-30T09:30:00.000","0","V","SH"
"UG363003150930","UG","36","2015-03-30T09:30:00.000",,"303","V","SH"
"UG463003150930","UG","46","2015-03-30T09:30:00.000",,"1.2","V","SH"
"UG403003150930","UG","40","2015-03-30T09:30:00.000","2015-03-30T09:59:00.000","20.5","V","SH"
"UG423003150930","UG","42","2015-03-30T09:30:00.000","2015-03-30T09:30:00.000","19.2","V","SH"
"UG333003150930","UG","33","2015-03-30T09:30:00.000",,"45","V","SH"
"UG443003150930","UG","44","2015-03-30T09:30:00.000","2015-03-30T09:54:00.000","39","V","SH"
"UG033003150930","UG","3","2015-03-30T09:30:00.000","2015-03-30T09:32:00.000","51","V","SH"
"UG323003150930","UG","32","2015-03-30T09:30:00.000",,"19.9","V","SH"
"UH483003150930","UH","48","2015-03-30T09:30:00.000",,"3.4","V","SH"
"UH533003150930","UH","53","2015-03-30T09:30:00.000","2015-03-30T09:49:00.000","10","V","SH"
"UH543003150930","UH","54","2015-03-30T09:30:00.000",,"254","V","SH"
"UH353003150930","UH","35","2015-03-30T09:30:00.000",,"0","V","SH"
"UH723003150930","UH","72","2015-03-30T09:30:00.000","2015-03-30T09:30:00.000","0","V","SH"
"UH363003150930","UH","36","2015-03-30T09:30:00.000",,"561","V","SH"
"UH033003150930","UH","3","2015-03-30T09:30:00.000","2015-03-30T09:59:00.000","33","V","SH"
"UH323003150930","UH","32","2015-03-30T09:30:00.000",,"17.3","V","SH"
"UH403003150930","UH","40","2015-03-30T09:30:00.000","2015-03-30T09:39:00.000","17.7","V","SH"
"UH423003150930","UH","42","2015-03-30T09:30:00.000","2015-03-30T09:58:00.000","17","V","SH"
"UH333003150930","UH","33","2015-03-30T09:30:00.000",,"31","V","SH"
"UH443003150930","UH","44","2015-03-30T09:30:00.000","2015-03-30T09:34:00.000","30","V","SH"
"UH493003150930","UH","49","2015-03-30T09:30:00.000",,"270","V","SH"
"UI443003150930","UI","44","2015-03-30T09:30:00.000","2015-03-30T09:37:00.000","49","V","SH"
"UI723003150930","UI","72","2015-03-30T09:30:00.000","2015-03-30T09:30:00.000","0","V","SH"
"UI033003150930","UI","3","2015-03-30T09:30:00.000","2015-03-30T09:30:00.000","53","V","SH"
"UI333003150930","UI","33","2015-03-30T09:30:00.000",,"51","V","SH"
"UI323003150930","UI","32","2015-03-30T09:30:00.000",,"12.4","V","SH"
"UI403003150930","UI","40","2015-03-30T09:30:00.000","2015-03-30T09:57:00.000","12.8","V","SH"
"UI423003150930","UI","42","2015-03-30T09:30:00.000","2015-03-30T09:30:00.000","12","V","SH"
"UI353003150930","UI","35","2015-03-30T09:30:00.000",,"0","V","SH"
"UJ483003150930","UJ","48","2015-03-30T09:30:00.000",,"7","V","SH"
"UJ493003150930","UJ","49","2015-03-30T09:30:00.000",,"271","V","SH"
"UJ533003150930","UJ","53","2015-03-30T09:30:00.000","2015-03-30T09:37:00.000","12.6","V","SH"
"UJ543003150930","UJ","54","2015-03-30T09:30:00.000",,"271","V","SH"
"UJ353003150930","UJ","35","2015-03-30T09:30:00.000",,"0","V","SH"
"UJ723003150930","UJ","72","2015-03-30T09:30:00.000","2015-03-30T09:30:00.000","0","V","SH"
"UJ363003150930","UJ","36","2015-03-30T09:30:00.000",,"559","V","SH"
"UJ323003150930","UJ","32","2015-03-30T09:30:00.000",,"14.5","V","SH"
"UJ403003150930","UJ","40","2015-03-30T09:30:00.000","2015-03-30T09:52:00.000","15.1","V","SH"
"UJ423003150930","UJ","42","2015-03-30T09:30:00.000","2015-03-30T09:30:00.000","13.9","V","SH"
"UJ333003150930","UJ","33","2015-03-30T09:30:00.000",,"44","V","SH"
"UJ443003150930","UJ","44","2015-03-30T09:30:00.000","2015-03-30T09:36:00.000","42","V","SH"
"UJ033003150930","UJ","3","2015-03-30T09:30:00.000","2015-03-30T09:46:00.000","48","V","SH"
"UK323003150930","UK","32","2015-03-30T09:30:00.000",,"20.1","V","SH"
"UK403003150930","UK","40","2015-03-30T09:30:00.000","2015-03-30T09:58:00.000","20.7","V","SH"
"UK423003150930","UK","42","2015-03-30T09:30:00.000","2015-03-30T09:30:00.000","19.7","V","SH"
"UK723003150930","UK","72","2015-03-30T09:30:00.000","2015-03-30T09:30:00.000","0","V","SH"
"UK443003150930","UK","44","2015-03-30T09:30:00.000","2015-03-30T09:50:00.000","26","V","SH"
"UK033003150930","UK","3","2015-03-30T09:30:00.000","2015-03-30T09:31:00.000","31","V","SH"
"UK353003150930","UK","35","2015-03-30T09:30:00.000",,"0","V","SH"
"UK333003150930","UK","33","2015-03-30T09:30:00.000",,"28","V","SH"
"UL323003150930","UL","32","2015-03-30T09:30:00.000",,"19.9","V","SH"
"UL403003150930","UL","40","2015-03-30T09:30:00.000","2015-03-30T09:58:00.000","20.3","V","SH"
"UL423003150930","UL","42","2015-03-30T09:30:00.000","2015-03-30T09:30:00.000","19.4","V","SH"
"UL333003150930","UL","33","2015-03-30T09:30:00.000",,"28","V","SH"
"UL443003150930","UL","44","2015-03-30T09:30:00.000","2015-03-30T09:52:00.000","27","V","SH"
"UL033003150930","UL","3","2015-03-30T09:30:00.000","2015-03-30T09:40:00.000","30","V","SH"
"UL363003150930","UL","36","2015-03-30T09:30:00.000",,"655","V","SH"
"UL473003150930","UL","47","2015-03-30T09:30:00.000",,"291","V","SH"
"UL563003150930","UL","56","2015-03-30T09:30:00.000","2015-03-30T09:43:00.000","9.8","V","SH"
"UL573003150930","UL","57","2015-03-30T09:30:00.000",,"317","V","SH"
"UL353003150930","UL","35","2015-03-30T09:30:00.000",,"0","V","SH"
"UL723003150930","UL","72","2015-03-30T09:30:00.000","2015-03-30T09:30:00.000","0","V","SH"
"UL463003150930","UL","46","2015-03-30T09:30:00.000",,"4.2","V","SH"
"UM363003150930","UM","36","2015-03-30T09:30:00.000",,"528","V","SH"
"UM323003150930","UM","32","2015-03-30T09:30:00.000",,"17.1","V","SH"
"UM403003150930","UM","40","2015-03-30T09:30:00.000","2015-03-30T09:35:00.000","17.4","V","SH"
"UM423003150930","UM","42","2015-03-30T09:30:00.000","2015-03-30T09:58:00.000","16.8","V","SH"
"UM333003150930","UM","33","2015-03-30T09:30:00.000",,"34","V","SH"
"UM443003150930","UM","44","2015-03-30T09:30:00.000","2015-03-30T09:38:00.000","33","V","SH"
"UM723003150930","UM","72","2015-03-30T09:30:00.000","2015-03-30T09:30:00.000","0","V","SH"
"UM463003150930","UM","46","2015-03-30T09:30:00.000",,"5.9","V","SH"
"UM473003150930","UM","47","2015-03-30T09:30:00.000",,"293","V","SH"
"UM563003150930","UM","56","2015-03-30T09:30:00.000","2015-03-30T09:41:00.000","12.3","V","SH"
"UM573003150930","UM","57","2015-03-30T09:30:00.000",,"285","V","SH"
"UM353003150930","UM","35","2015-03-30T09:30:00.000",,"0","V","SH"
"UM033003150930","UM","3","2015-03-30T09:30:00.000","2015-03-30T09:34:00.000","36","V","SH"
"UN323003150930","UN","32","2015-03-30T09:30:00.000",,"17.2","V","SH"
"UN403003150930","UN","40","2015-03-30T09:30:00.000","2015-03-30T09:53:00.000","17.7","V","SH"
"UN423003150930","UN","42","2015-03-30T09:30:00.000","2015-03-30T09:31:00.000","16.6","V","SH"
"UN333003150930","UN","33","2015-03-30T09:30:00.000",,"63","V","SH"
"UN443003150930","UN","44","2015-03-30T09:30:00.000","2015-03-30T09:59:00.000","59","V","SH"
"UN033003150930","UN","3","2015-03-30T09:30:00.000","2015-03-30T09:42:00.000","67","V","SH"
"UN363003150930","UN","36","2015-03-30T09:30:00.000",,"428","V","SH"
"UN473003150930","UN","47","2015-03-30T09:30:00.000",,"123","V","SH"
"UN563003150930","UN","56","2015-03-30T09:30:00.000","2015-03-30T09:56:00.000","4.5","V","SH"
"UN573003150930","UN","57","2015-03-30T09:30:00.000",,"203","V","SH"
"UN353003150930","UN","35","2015-03-30T09:30:00.000",,"0","V","SH"
"UN723003150930","UN","72","2015-03-30T09:30:00.000","2015-03-30T09:30:00.000","0","V","SH"
"UN463003150930","UN","46","2015-03-30T09:30:00.000",,"1.1","V","SH"
"UO323003150930","UO","32","2015-03-30T09:30:00.000",,"15.3","V","SH"
"UO403003150930","UO","40","2015-03-30T09:30:00.000","2015-03-30T09:58:00.000","16.4","V","SH"
"UO423003150930","UO","42","2015-03-30T09:30:00.000","2015-03-30T09:30:00.000","14.5","V","SH"
"UO723003150930","UO","72","2015-03-30T09:30:00.000","2015-03-30T09:30:00.000","0","V","SH"
"UO443003150930","UO","44","2015-03-30T09:30:00.000","2015-03-30T09:51:00.000","72","V","SH"
"UO033003150930","UO","3","2015-03-30T09:30:00.000","2015-03-30T09:32:00.000","81","V","SH"
"UO353003150930","UO","35","2015-03-30T09:30:00.000",,"0","V","SH"
"UO333003150930","UO","33","2015-03-30T09:30:00.000",,"77","V","SH"
"UP023003150930","UP","2","2015-03-30T09:30:00.000","2015-03-30T09:32:00.000","1008.8","V","SH"
"UP013003150930","UP","1","2015-03-30T09:30:00.000","2015-03-30T09:54:00.000","1009","V","SH"
"UP323003150930","UP","32","2015-03-30T09:30:00.000",,"15.1","V","SH"
"UP403003150930","UP","40","2015-03-30T09:30:00.000","2015-03-30T09:57:00.000","15.8","V","SH"
"UP333003150930","UP","33","2015-03-30T09:30:00.000",,"67","V","SH"
"UP443003150930","UP","44","2015-03-30T09:30:00.000","2015-03-30T09:56:00.000","62","V","SH"
"UP033003150930","UP","3","2015-03-30T09:30:00.000","2015-03-30T09:30:00.000","72","V","SH"
"UP303003150930","UP","30","2015-03-30T09:30:00.000",,"0.5","V","SH"
"UP313003150930","UP","31","2015-03-30T09:30:00.000",,"166","V","SH"
"UP503003150930","UP","50","2015-03-30T09:30:00.000","2015-03-30T09:36:00.000","2.2","V","SH"
"UP513003150930","UP","51","2015-03-30T09:30:00.000",,"119","V","SH"
"UP353003150930","UP","35","2015-03-30T09:30:00.000",,"0","V","SH"
"UP723003150930","UP","72","2015-03-30T09:30:00.000","2015-03-30T09:30:00.000","0","V","SH"
"UP363003150930","UP","36","2015-03-30T09:30:00.000",,"218","V","SH"
"UP593003150930","UP","59","2015-03-30T09:30:00.000",,"93","V","SH"
"UP343003150930","UP","34","2015-03-30T09:30:00.000",,"1008.9","V","SH"
"UP423003150930","UP","42","2015-03-30T09:30:00.000","2015-03-30T09:30:00.000","14.6","V","SH"
"UQ353003150930","UQ","35","2015-03-30T09:30:00.000",,"0","V","SH"
"UQ723003150930","UQ","72","2015-03-30T09:30:00.000","2015-03-30T09:30:00.000","0","V","SH"
"UQ363003150930","UQ","36","2015-03-30T09:30:00.000",,"234","V","SH"
"UQ323003150930","UQ","32","2015-03-30T09:30:00.000",,"13.6","V","SH"
"UQ403003150930","UQ","40","2015-03-30T09:30:00.000","2015-03-30T09:59:00.000","14","V","SH"
"UQ423003150930","UQ","42","2015-03-30T09:30:00.000","2015-03-30T09:41:00.000","13.5","V","SH"
"UQ573003150930","UQ","57","2015-03-30T09:30:00.000",,"183","V","SH"
"UQ443003150930","UQ","44","2015-03-30T09:30:00.000","2015-03-30T09:33:00.000","51","V","SH"
"UQ033003150930","UQ","3","2015-03-30T09:30:00.000","2015-03-30T09:53:00.000","57","V","SH"
"UQ463003150930","UQ","46","2015-03-30T09:30:00.000",,"0.7","V","SH"
"UQ473003150930","UQ","47","2015-03-30T09:30:00.000",,"148","V","SH"
"UQ563003150930","UQ","56","2015-03-30T09:30:00.000","2015-03-30T09:40:00.000","2.5","V","SH"
"UQ333003150930","UQ","33","2015-03-30T09:30:00.000",,"53","V","SH"
"US323003150930","US","32","2015-03-30T09:30:00.000",,"22.9","V","SH"
"US403003150930","US","40","2015-03-30T09:30:00.000","2015-03-30T09:33:00.000","23.1","V","SH"
"US423003150930","US","42","2015-03-30T09:30:00.000","2015-03-30T09:52:00.000","22.8","V","SH"
"US333003150930","US","33","2015-03-30T09:30:00.000",,"22","V","SH"
"US443003150930","US","44","2015-03-30T09:30:00.000","2015-03-30T09:58:00.000","21","V","SH"
"US033003150930","US","3","2015-03-30T09:30:00.000","2015-03-30T09:51:00.000","23","V","SH"
"US363003150930","US","36","2015-03-30T09:30:00.000",,"80","V","SH"
"US473003150930","US","47","2015-03-30T09:30:00.000",,"301","V","SH"
"US563003150930","US","56","2015-03-30T09:30:00.000","2015-03-30T09:37:00.000","7","V","SH"
"US573003150930","US","57","2015-03-30T09:30:00.000",,"214","V","SH"
"US353003150930","US","35","2015-03-30T09:30:00.000",,"0","V","SH"
"US723003150930","US","72","2015-03-30T09:30:00.000","2015-03-30T09:30:00.000","0","V","SH"
"US463003150930","US","46","2015-03-30T09:30:00.000",,"2.6","V","SH"
"UU593003150930","UU","59","2015-03-30T09:30:00.000",,"6","V","SH"
"UU363003150930","UU","36","2015-03-30T09:30:00.000",,"80","V","SH"
"UU403003150930","UU","40","2015-03-30T09:30:00.000","2015-03-30T09:42:00.000","20.3","V","SH"
"UU343003150930","UU","34","2015-03-30T09:30:00.000",,"1020.2","V","SH"
"UU013003150930","UU","1","2015-03-30T09:30:00.000","2015-03-30T09:49:00.000","1020.4","V","SH"
"UU023003150930","UU","2","2015-03-30T09:30:00.000","2015-03-30T09:59:00.000","1019.9","V","SH"
"UU423003150930","UU","42","2015-03-30T09:30:00.000","2015-03-30T09:31:00.000","19.6","V","SH"
"UU333003150930","UU","33","2015-03-30T09:30:00.000",,"29","V","SH"
"UU443003150930","UU","44","2015-03-30T09:30:00.000","2015-03-30T09:56:00.000","27","V","SH"
"UU033003150930","UU","3","2015-03-30T09:30:00.000","2015-03-30T09:31:00.000","31","V","SH"
"UU303003150930","UU","30","2015-03-30T09:30:00.000",,"10.7","V","SH"
"UU313003150930","UU","31","2015-03-30T09:30:00.000",,"314","V","SH"
"UU503003150930","UU","50","2015-03-30T09:30:00.000","2015-03-30T09:56:00.000","17","V","SH"
"UU513003150930","UU","51","2015-03-30T09:30:00.000",,"314","V","SH"
"UU353003150930","UU","35","2015-03-30T09:30:00.000",,"0","V","SH"
"UU723003150930","UU","72","2015-03-30T09:30:00.000","2015-03-30T09:30:00.000","0","V","SH"
"UU323003150930","UU","32","2015-03-30T09:30:00.000",,"19.9","V","SH"
"UW473003150930","UW","47","2015-03-30T09:30:00.000",,"317","V","SH"
"UW463003150930","UW","46","2015-03-30T09:30:00.000",,"4.6","V","SH"
"UW573003150930","UW","57","2015-03-30T09:30:00.000",,"329","V","SH"
"UW323003150930","UW","32","2015-03-30T09:30:00.000",,"19.2","V","SH"
"UW403003150930","UW","40","2015-03-30T09:30:00.000","2015-03-30T09:52:00.000","19.6","V","SH"
"UW423003150930","UW","42","2015-03-30T09:30:00.000","2015-03-30T09:33:00.000","18.7","V","SH"
"UW333003150930","UW","33","2015-03-30T09:30:00.000",,"32","V","SH"
"UW443003150930","UW","44","2015-03-30T09:30:00.000","2015-03-30T09:51:00.000","29","V","SH"
"UW033003150930","UW","3","2015-03-30T09:30:00.000","2015-03-30T09:32:00.000","35","V","SH"
"UW353003150930","UW","35","2015-03-30T09:30:00.000",,"0","V","SH"
"UW723003150930","UW","72","2015-03-30T09:30:00.000","2015-03-30T09:30:00.000","0","V","SH"
"UW363003150930","UW","36","2015-03-30T09:30:00.000",,"71","V","SH"
"UW593003150930","UW","59","2015-03-30T09:30:00.000",,"2","V","SH"
"UW343003150930","UW","34","2015-03-30T09:30:00.000",,"1020.5","V","SH"
"UW013003150930","UW","1","2015-03-30T09:30:00.000","2015-03-30T09:39:00.000","1020.7","V","SH"
"UW023003150930","UW","2","2015-03-30T09:30:00.000","2015-03-30T09:58:00.000","1020.3","V","SH"
"UW563003150930","UW","56","2015-03-30T09:30:00.000","2015-03-30T09:51:00.000","8.7","V","SH"
"UX323003150930","UX","32","2015-03-30T09:30:00.000",,"20.6","V","SH"
"UX403003150930","UX","40","2015-03-30T09:30:00.000","2015-03-30T09:59:00.000","20.9","V","SH"
"UX423003150930","UX","42","2015-03-30T09:30:00.000","2015-03-30T09:32:00.000","20.4","V","SH"
"UX333003150930","UX","33","2015-03-30T09:30:00.000",,"27","V","SH"
"UX443003150930","UX","44","2015-03-30T09:30:00.000","2015-03-30T09:59:00.000","25","V","SH"
"UX033003150930","UX","3","2015-03-30T09:30:00.000","2015-03-30T09:31:00.000","28","V","SH"
"UX363003150930","UX","36","2015-03-30T09:30:00.000",,"84","V","SH"
"UX473003150930","UX","47","2015-03-30T09:30:00.000",,"307","V","SH"
"UX563003150930","UX","56","2015-03-30T09:30:00.000","2015-03-30T09:46:00.000","10.8","V","SH"
"UX573003150930","UX","57","2015-03-30T09:30:00.000",,"295","V","SH"
"UX353003150930","UX","35","2015-03-30T09:30:00.000",,"0","V","SH"
"UX723003150930","UX","72","2015-03-30T09:30:00.000","2015-03-30T09:30:00.000","0","V","SH"
"UX463003150930","UX","46","2015-03-30T09:30:00.000",,"5.8","V","SH"
"UY033003150930","UY","3","2015-03-30T09:30:00.000","2015-03-30T09:30:00.000","33","V","SH"
"UY493003150930","UY","49","2015-03-30T09:30:00.000",,"309","V","SH"
"UY533003150930","UY","53","2015-03-30T09:30:00.000","2015-03-30T09:54:00.000","7.9","V","SH"
"UY483003150930","UY","48","2015-03-30T09:30:00.000",,"3.1","V","SH"
"UY323003150930","UY","32","2015-03-30T09:30:00.000",,"18.7","V","SH"
"UY403003150930","UY","40","2015-03-30T09:30:00.000","2015-03-30T09:53:00.000","19.5","V","SH"
"UY363003150930","UY","36","2015-03-30T09:30:00.000",,"540","V","SH"
"UY333003150930","UY","33","2015-03-30T09:30:00.000",,"31","V","SH"
"UY443003150930","UY","44","2015-03-30T09:30:00.000","2015-03-30T09:53:00.000","30","V","SH"
"UY543003150930","UY","54","2015-03-30T09:30:00.000",,"319","V","SH"
"UY353003150930","UY","35","2015-03-30T09:30:00.000",,"0","V","SH"
"UY723003150930","UY","72","2015-03-30T09:30:00.000","2015-03-30T09:30:00.000","0","V","SH"
"UY423003150930","UY","42","2015-03-30T09:30:00.000","2015-03-30T09:30:00.000","17.9","V","SH"
"U1403003150930","U1","40","2015-03-30T09:30:00.000","2015-03-30T09:49:00.000","18.5","V","SH"
"U1423003150930","U1","42","2015-03-30T09:30:00.000","2015-03-30T09:30:00.000","17.6","V","SH"
"U1333003150930","U1","33","2015-03-30T09:30:00.000",,"67","V","SH"
"U1443003150930","U1","44","2015-03-30T09:30:00.000","2015-03-30T09:41:00.000","62","V","SH"
"U1033003150930","U1","3","2015-03-30T09:30:00.000","2015-03-30T09:36:00.000","71","V","SH"
"U1463003150930","U1","46","2015-03-30T09:30:00.000",,"0.5","V","SH"
"U1323003150930","U1","32","2015-03-30T09:30:00.000",,"18.2","V","SH"
"U1563003150930","U1","56","2015-03-30T09:30:00.000","2015-03-30T09:59:00.000","1.7","V","SH"
"U1573003150930","U1","57","2015-03-30T09:30:00.000",,"200","V","SH"
"U1353003150930","U1","35","2015-03-30T09:30:00.000",,"0","V","SH"
"U1723003150930","U1","72","2015-03-30T09:30:00.000","2015-03-30T09:30:00.000","0","V","SH"
"U1363003150930","U1","36","2015-03-30T09:30:00.000",,"369","V","SH"
"U1473003150930","U1","47","2015-03-30T09:30:00.000",,"141","V","SH"
"U2323003150930","U2","32","2015-03-30T09:30:00.000",,"17.8","V","SH"
"U2023003150930","U2","2","2015-03-30T09:30:00.000","2015-03-30T09:57:00.000","1018.1","V","SH"
"U2423003150930","U2","42","2015-03-30T09:30:00.000","2015-03-30T09:30:00.000","17.2","V","SH"
"U2333003150930","U2","33","2015-03-30T09:30:00.000",,"71","V","SH"
"U2443003150930","U2","44","2015-03-30T09:30:00.000","2015-03-30T09:58:00.000","60","V","SH"
"U2033003150930","U2","3","2015-03-30T09:30:00.000","2015-03-30T09:31:00.000","77","V","SH"
"U2303003150930","U2","30","2015-03-30T09:30:00.000",,"1.5","V","SH"
"U2313003150930","U2","31","2015-03-30T09:30:00.000",,"252","V","SH"
"U2503003150930","U2","50","2015-03-30T09:30:00.000","2015-03-30T09:58:00.000","2.9","V","SH"
"U2513003150930","U2","51","2015-03-30T09:30:00.000",,"185","V","SH"
"U2353003150930","U2","35","2015-03-30T09:30:00.000",,"0","V","SH"
"U2723003150930","U2","72","2015-03-30T09:30:00.000","2015-03-30T09:30:00.000","0","V","SH"
"U2363003150930","U2","36","2015-03-30T09:30:00.000",,"654","V","SH"
"U2343003150930","U2","34","2015-03-30T09:30:00.000",,"1018.5","V","SH"
"U2013003150930","U2","1","2015-03-30T09:30:00.000","2015-03-30T09:35:00.000","1018.8","V","SH"
"U2403003150930","U2","40","2015-03-30T09:30:00.000","2015-03-30T09:57:00.000","18.5","V","SH"
"U3323003150930","U3","32","2015-03-30T09:30:00.000",,"18.8","V","SH"
"U3403003150930","U3","40","2015-03-30T09:30:00.000","2015-03-30T09:59:00.000","19.3","V","SH"
"U3423003150930","U3","42","2015-03-30T09:30:00.000","2015-03-30T09:33:00.000","18.3","V","SH"
"U3333003150930","U3","33","2015-03-30T09:30:00.000",,"28","V","SH"
"U3443003150930","U3","44","2015-03-30T09:30:00.000","2015-03-30T09:52:00.000","27","V","SH"
"U3033003150930","U3","3","2015-03-30T09:30:00.000","2015-03-30T09:58:00.000","28","V","SH"
"U3593003150930","U3","59","2015-03-30T09:30:00.000",,"202","V","SH"
"U3473003150930","U3","47","2015-03-30T09:30:00.000",,"257","V","SH"
"U3563003150930","U3","56","2015-03-30T09:30:00.000","2015-03-30T09:49:00.000","11.8","V","SH"
"U3573003150930","U3","57","2015-03-30T09:30:00.000",,"258","V","SH"
"U3353003150930","U3","35","2015-03-30T09:30:00.000",,"0","V","SH"
"U3723003150930","U3","72","2015-03-30T09:30:00.000","2015-03-30T09:30:00.000","0","V","SH"
"U3363003150930","U3","36","2015-03-30T09:30:00.000",,"422","V","SH"
"U3463003150930","U3","46","2015-03-30T09:30:00.000",,"6.3","V","SH"
"U4313003150930","U4","31","2015-03-30T09:30:00.000",,"46","V","SH"
"U4503003150930","U4","50","2015-03-30T09:30:00.000","2015-03-30T09:50:00.000","2.6","V","SH"
"U4513003150930","U4","51","2015-03-30T09:30:00.000",,"40","V","SH"
"U4353003150930","U4","35","2015-03-30T09:30:00.000",,"0","V","SH"
"U4723003150930","U4","72","2015-03-30T09:30:00.000","2015-03-30T09:30:00.000","0","V","SH"
"U4303003150930","U4","30","2015-03-30T09:30:00.000",,"1.4","V","SH"
"U4363003150930","U4","36","2015-03-30T09:30:00.000",,"327","V","SH"
"U4403003150930","U4","40","2015-03-30T09:30:00.000","2015-03-30T09:59:00.000","12.6","V","SH"
"U4423003150930","U4","42","2015-03-30T09:30:00.000","2015-03-30T09:31:00.000","11.7","V","SH"
"U4333003150930","U4","33","2015-03-30T09:30:00.000",,"59","V","SH"
"U4443003150930","U4","44","2015-03-30T09:30:00.000","2015-03-30T09:59:00.000","55","V","SH"
"U4033003150930","U4","3","2015-03-30T09:30:00.000","2015-03-30T09:33:00.000","62","V","SH"
"U4323003150930","U4","32","2015-03-30T09:30:00.000",,"12.2","V","SH"
"U6403003150930","U6","40","2015-03-30T09:30:00.000","2015-03-30T09:59:00.000","20.2","V","SH"
"U6423003150930","U6","42","2015-03-30T09:30:00.000","2015-03-30T09:30:00.000","19.2","V","SH"
"U6333003150930","U6","33","2015-03-30T09:30:00.000",,"36","V","SH"
"U6443003150930","U6","44","2015-03-30T09:30:00.000","2015-03-30T09:56:00.000","35","V","SH"
"U6033003150930","U6","3","2015-03-30T09:30:00.000","2015-03-30T09:35:00.000","37","V","SH"
"U6463003150930","U6","46","2015-03-30T09:30:00.000",,"4.3","V","SH"
"U6363003150930","U6","36","2015-03-30T09:30:00.000",,"354","V","SH"
"U6563003150930","U6","56","2015-03-30T09:30:00.000","2015-03-30T09:30:00.000","9.6","V","SH"
"U6573003150930","U6","57","2015-03-30T09:30:00.000",,"304","V","SH"
"U6353003150930","U6","35","2015-03-30T09:30:00.000",,"0","V","SH"
"U6323003150930","U6","32","2015-03-30T09:30:00.000",,"19.7","V","SH"
"U6723003150930","U6","72","2015-03-30T09:30:00.000","2015-03-30T09:30:00.000","0","V","SH"
"U6473003150930","U6","47","2015-03-30T09:30:00.000",,"301","V","SH"
"U7333003150930","U7","33","2015-03-30T09:30:00.000",,"27","V","SH"
"U7443003150930","U7","44","2015-03-30T09:30:00.000","2015-03-30T09:47:00.000","26","V","SH"
"U7033003150930","U7","3","2015-03-30T09:30:00.000","2015-03-30T09:33:00.000","29","V","SH"
"U7323003150930","U7","32","2015-03-30T09:30:00.000",,"20.8","V","SH"
"U7403003150930","U7","40","2015-03-30T09:30:00.000","2015-03-30T09:59:00.000","21.2","V","SH"
"U7423003150930","U7","42","2015-03-30T09:30:00.000","2015-03-30T09:30:00.000","20.4","V","SH"
"U7363003150930","U7","36","2015-03-30T09:30:00.000",,"131","V","SH"
"U7473003150930","U7","47","2015-03-30T09:30:00.000",,"336","V","SH"
"U7563003150930","U7","56","2015-03-30T09:30:00.000","2015-03-30T09:54:00.000","7.1","V","SH"
"U7573003150930","U7","57","2015-03-30T09:30:00.000",,"12","V","SH"
"U7353003150930","U7","35","2015-03-30T09:30:00.000",,"0","V","SH"
"U7723003150930","U7","72","2015-03-30T09:30:00.000","2015-03-30T09:30:00.000","0","V","SH"
"U7463003150930","U7","46","2015-03-30T09:30:00.000",,"2.3","V","SH"
"U9323003150930","U9","32","2015-03-30T09:30:00.000",,"20.6","V","SH"
"U9403003150930","U9","40","2015-03-30T09:30:00.000","2015-03-30T09:59:00.000","20.9","V","SH"
"U9423003150930","U9","42","2015-03-30T09:30:00.000","2015-03-30T09:30:00.000","20.3","V","SH"
"U9333003150930","U9","33","2015-03-30T09:30:00.000",,"26","V","SH"
"U9443003150930","U9","44","2015-03-30T09:30:00.000","2015-03-30T09:58:00.000","25","V","SH"
"U9033003150930","U9","3","2015-03-30T09:30:00.000","2015-03-30T09:31:00.000","28","V","SH"
"U9363003150930","U9","36","2015-03-30T09:30:00.000",,"101","V","SH"
"U9473003150930","U9","47","2015-03-30T09:30:00.000",,"307","V","SH"
"U9563003150930","U9","56","2015-03-30T09:30:00.000","2015-03-30T09:45:00.000","8.8","V","SH"
"U9573003150930","U9","57","2015-03-30T09:30:00.000",,"297","V","SH"
"U9353003150930","U9","35","2015-03-30T09:30:00.000",,"0","V","SH"
"U9723003150930","U9","72","2015-03-30T09:30:00.000","2015-03-30T09:30:00.000","0","V","SH"
"U9463003150930","U9","46","2015-03-30T09:30:00.000",,"3.5","V","SH"
"VA463003150930","VA","46","2015-03-30T09:30:00.000",,"4.6","V","SH"
"VA473003150930","VA","47","2015-03-30T09:30:00.000",,"306","V","SH"
"VA563003150930","VA","56","2015-03-30T09:30:00.000","2015-03-30T09:59:00.000","11.5","V","SH"
"VA573003150930","VA","57","2015-03-30T09:30:00.000",,"322","V","SH"
"VA353003150930","VA","35","2015-03-30T09:30:00.000",,"0","V","SH"
"VA723003150930","VA","72","2015-03-30T09:30:00.000","2015-03-30T09:30:00.000","0","V","SH"
"VA033003150930","VA","3","2015-03-30T09:30:00.000","2015-03-30T09:36:00.000","34","V","SH"
"VA323003150930","VA","32","2015-03-30T09:30:00.000",,"18.8","V","SH"
"VA403003150930","VA","40","2015-03-30T09:30:00.000","2015-03-30T09:40:00.000","18.9","V","SH"
"VA423003150930","VA","42","2015-03-30T09:30:00.000","2015-03-30T09:30:00.000","18.6","V","SH"
"VA333003150930","VA","33","2015-03-30T09:30:00.000",,"33","V","SH"
"VA443003150930","VA","44","2015-03-30T09:30:00.000","2015-03-30T09:59:00.000","31","V","SH"
"VA363003150930","VA","36","2015-03-30T09:30:00.000",,"572","V","SH"
"VB033003150930","VB","3","2015-03-30T09:30:00.000","2015-03-30T09:31:00.000","29","V","SH"
"VB303003150930","VB","30","2015-03-30T09:30:00.000",,"8","V","SH"
"VB313003150930","VB","31","2015-03-30T09:30:00.000",,"295","V","SH"
"VB503003150930","VB","50","2015-03-30T09:30:00.000","2015-03-30T09:59:00.000","13.9","V","SH"
"VB513003150930","VB","51","2015-03-30T09:30:00.000",,"290","V","SH"
"VB353003150930","VB","35","2015-03-30T09:30:00.000",,"0","V","SH"
"VB443003150930","VB","44","2015-03-30T09:30:00.000","2015-03-30T09:54:00.000","26","V","SH"
"VB363003150930","VB","36","2015-03-30T09:30:00.000",,"607","V","SH"
"VB323003150930","VB","32","2015-03-30T09:30:00.000",,"21.2","V","SH"
"VB403003150930","VB","40","2015-03-30T09:30:00.000","2015-03-30T09:59:00.000","21.7","V","SH"
"VB423003150930","VB","42","2015-03-30T09:30:00.000","2015-03-30T09:30:00.000","20.6","V","SH"
"VB333003150930","VB","33","2015-03-30T09:30:00.000",,"27","V","SH"
"VB723003150930","VB","72","2015-03-30T09:30:00.000","2015-03-30T09:30:00.000","0","V","SH"
"VC463003150930","VC","46","2015-03-30T09:30:00.000",,"5","V","SH"
"VC473003150930","VC","47","2015-03-30T09:30:00.000",,"251","V","SH"
"VC563003150930","VC","56","2015-03-30T09:30:00.000","2015-03-30T09:34:00.000","12.3","V","SH"
"VC573003150930","VC","57","2015-03-30T09:30:00.000",,"247","V","SH"
"VC353003150930","VC","35","2015-03-30T09:30:00.000",,"0","V","SH"
"VC723003150930","VC","72","2015-03-30T09:30:00.000","2015-03-30T09:30:00.000","0","V","SH"
"VC033003150930","VC","3","2015-03-30T09:30:00.000","2015-03-30T09:31:00.000","39","V","SH"
"VC323003150930","VC","32","2015-03-30T09:30:00.000",,"19.2","V","SH"
"VC403003150930","VC","40","2015-03-30T09:30:00.000","2015-03-30T09:59:00.000","19.7","V","SH"
"VC423003150930","VC","42","2015-03-30T09:30:00.000","2015-03-30T09:30:00.000","18.8","V","SH"
"VC333003150930","VC","33","2015-03-30T09:30:00.000",,"37","V","SH"
"VC443003150930","VC","44","2015-03-30T09:30:00.000","2015-03-30T09:59:00.000","33","V","SH"
"VC363003150930","VC","36","2015-03-30T09:30:00.000",,"571","V","SH"
"VD563003150930","VD","56","2015-03-30T09:30:00.000","2015-03-30T09:59:00.000","9.9","V","SH"
"VD573003150930","VD","57","2015-03-30T09:30:00.000",,"249","V","SH"
"VD353003150930","VD","35","2015-03-30T09:30:00.000",,"0","V","SH"
"VD723003150930","VD","72","2015-03-30T09:30:00.000","2015-03-30T09:30:00.000","0","V","SH"
"VD363003150930","VD","36","2015-03-30T09:30:00.000",,"478","V","SH"
"VD323003150930","VD","32","2015-03-30T09:30:00.000",,"16","V","SH"
"VD443003150930","VD","44","2015-03-30T09:30:00.000","2015-03-30T09:49:00.000","38","V","SH"
"VD423003150930","VD","42","2015-03-30T09:30:00.000","2015-03-30T09:30:00.000","15.7","V","SH"
"VD033003150930","VD","3","2015-03-30T09:30:00.000","2015-03-30T09:44:00.000","42","V","SH"
"VD463003150930","VD","46","2015-03-30T09:30:00.000",,"5.2","V","SH"
"VD473003150930","VD","47","2015-03-30T09:30:00.000",,"251","V","SH"
"VD333003150930","VD","33","2015-03-30T09:30:00.000",,"40","V","SH"
"VD403003150930","VD","40","2015-03-30T09:30:00.000","2015-03-30T09:45:00.000","16.3","V","SH"
"VE403003150930","VE","40","2015-03-30T09:30:00.000","2015-03-30T09:55:00.000","21.9","V","SH"
"VE423003150930","VE","42","2015-03-30T09:30:00.000","2015-03-30T09:45:00.000","21.1","V","SH"
"VE333003150930","VE","33","2015-03-30T09:30:00.000",,"28","V","SH"
"VE323003150930","VE","32","2015-03-30T09:30:00.000",,"21.6","V","SH"
"VE443003150930","VE","44","2015-03-30T09:30:00.000","2015-03-30T09:32:00.000","26","V","SH"
"VE033003150930","VE","3","2015-03-30T09:30:00.000","2015-03-30T09:54:00.000","30","V","SH"
"VE363003150930","VE","36","2015-03-30T09:30:00.000",,"601","V","SH"
"VE473003150930","VE","47","2015-03-30T09:30:00.000",,"280","V","SH"
"VE563003150930","VE","56","2015-03-30T09:30:00.000","2015-03-30T09:35:00.000","8","V","SH"
"VE573003150930","VE","57","2015-03-30T09:30:00.000",,"258","V","SH"
"VE353003150930","VE","35","2015-03-30T09:30:00.000",,"0","V","SH"
"VE723003150930","VE","72","2015-03-30T09:30:00.000","2015-03-30T09:30:00.000","0","V","SH"
"VE463003150930","VE","46","2015-03-30T09:30:00.000",,"2.8","V","SH"
"VH323003150930","VH","32","2015-03-30T09:30:00.000",,"18.4","V","SH"
"VH403003150930","VH","40","2015-03-30T09:30:00.000","2015-03-30T09:34:00.000","18.6","V","SH"
"VH423003150930","VH","42","2015-03-30T09:30:00.000","2015-03-30T09:30:00.000","18.2","V","SH"
"VH333003150930","VH","33","2015-03-30T09:30:00.000",,"31","V","SH"
"VH443003150930","VH","44","2015-03-30T09:30:00.000","2015-03-30T09:40:00.000","30","V","SH"
"VH033003150930","VH","3","2015-03-30T09:30:00.000","2015-03-30T09:55:00.000","32","V","SH"
"VH363003150930","VH","36","2015-03-30T09:30:00.000",,"509","V","SH"
"VH473003150930","VH","47","2015-03-30T09:30:00.000",,"283","V","SH"
"VH563003150930","VH","56","2015-03-30T09:30:00.000","2015-03-30T09:34:00.000","12","V","SH"
"VH573003150930","VH","57","2015-03-30T09:30:00.000",,"277","V","SH"
"VH353003150930","VH","35","2015-03-30T09:30:00.000",,"0","V","SH"
"VH723003150930","VH","72","2015-03-30T09:30:00.000","2015-03-30T09:30:00.000","0","V","SH"
"VH463003150930","VH","46","2015-03-30T09:30:00.000",,"6.9","V","SH"
"VK323003150930","VK","32","2015-03-30T09:30:00.000",,"17.4","V","SH"
"VK423003150930","VK","42","2015-03-30T09:30:00.000","2015-03-30T09:33:00.000","17.2","V","SH"
"VK443003150930","VK","44","2015-03-30T09:30:00.000","2015-03-30T09:51:00.000","36","V","SH"
"VK033003150930","VK","3","2015-03-30T09:30:00.000","2015-03-30T09:59:00.000","40","V","SH"
"VK303003150930","VK","30","2015-03-30T09:30:00.000",,"10","V","SH"
"VK313003150930","VK","31","2015-03-30T09:30:00.000",,"289","V","SH"
"VK503003150930","VK","50","2015-03-30T09:30:00.000","2015-03-30T09:55:00.000","15.7","V","SH"
"VK513003150930","VK","51","2015-03-30T09:30:00.000",,"281","V","SH"
"VK353003150930","VK","35","2015-03-30T09:30:00.000",,"0","V","SH"
"VK723003150930","VK","72","2015-03-30T09:30:00.000","2015-03-30T09:30:00.000","0","V","SH"
"VK363003150930","VK","36","2015-03-30T09:30:00.000",,"495","V","SH"
"VK343003150930","VK","34","2015-03-30T09:30:00.000",,"987.1","V","SH"
"VK013003150930","VK","1","2015-03-30T09:30:00.000","2015-03-30T09:30:00.000","987.4","V","SH"
"VK023003150930","VK","2","2015-03-30T09:30:00.000","2015-03-30T09:54:00.000","986.9","V","SH"
"VK403003150930","VK","40","2015-03-30T09:30:00.000","2015-03-30T09:59:00.000","17.8","V","SH"
"VK333003150930","VK","33","2015-03-30T09:30:00.000",,"38","V","SH"
"VM463003150930","VM","46","2015-03-30T09:30:00.000",,"6.5","V","SH"
"VM473003150930","VM","47","2015-03-30T09:30:00.000",,"307","V","SH"
"VM563003150930","VM","56","2015-03-30T09:30:00.000","2015-03-30T09:39:00.000","11.7","V","SH"
"VM573003150930","VM","57","2015-03-30T09:30:00.000",,"299","V","SH"
"VM353003150930","VM","35","2015-03-30T09:30:00.000",,"0","V","SH"
"VM723003150930","VM","72","2015-03-30T09:30:00.000","2015-03-30T09:30:00.000","0","V","SH"
"VM443003150930","VM","44","2015-03-30T09:30:00.000","2015-03-30T09:58:00.000","29","V","SH"
"VM033003150930","VM","3","2015-03-30T09:30:00.000","2015-03-30T09:33:00.000","33","V","SH"
"VM323003150930","VM","32","2015-03-30T09:30:00.000",,"19.1","V","SH"
"VM403003150930","VM","40","2015-03-30T09:30:00.000","2015-03-30T09:58:00.000","19.9","V","SH"
"VM423003150930","VM","42","2015-03-30T09:30:00.000","2015-03-30T09:31:00.000","18.4","V","SH"
"VM333003150930","VM","33","2015-03-30T09:30:00.000",,"31","V","SH"
"VM363003150930","VM","36","2015-03-30T09:30:00.000",,"664","V","SH"
"VN333003150930","VN","33","2015-03-30T09:30:00.000",,"81","V","SH"
"VN443003150930","VN","44","2015-03-30T09:30:00.000","2015-03-30T09:59:00.000","78","V","SH"
"VN033003150930","VN","3","2015-03-30T09:30:00.000","2015-03-30T09:33:00.000","85","V","SH"
"VN403003150930","VN","40","2015-03-30T09:30:00.000","2015-03-30T09:59:00.000","15.8","V","SH"
"VN723003150930","VN","72","2015-03-30T09:30:00.000","2015-03-30T09:30:00.000","0","V","SH"
"VN423003150930","VN","42","2015-03-30T09:30:00.000","2015-03-30T09:30:00.000","14.6","V","SH"
"VN323003150930","VN","32","2015-03-30T09:30:00.000",,"15.2","V","SH"
"VN353003150930","VN","35","2015-03-30T09:30:00.000",,"0","V","SH"
"VO333003150930","VO","33","2015-03-30T09:30:00.000",,"60","V","SH"
"VO443003150930","VO","44","2015-03-30T09:30:00.000","2015-03-30T09:58:00.000","57","V","SH"
"VO033003150930","VO","3","2015-03-30T09:30:00.000","2015-03-30T09:30:00.000","64","V","SH"
"VO463003150930","VO","46","2015-03-30T09:30:00.000",,"1.3","V","SH"
"VO473003150930","VO","47","2015-03-30T09:30:00.000",,"179","V","SH"
"VO723003150930","VO","72","2015-03-30T09:30:00.000","2015-03-30T09:30:00.000","0","V","SH"
"VO423003150930","VO","42","2015-03-30T09:30:00.000","2015-03-30T09:30:00.000","11.3","V","SH"
"VO563003150930","VO","56","2015-03-30T09:30:00.000","2015-03-30T09:36:00.000","3.3","V","SH"
"VO573003150930","VO","57","2015-03-30T09:30:00.000",,"177","V","SH"
"VO353003150930","VO","35","2015-03-30T09:30:00.000",,"0","V","SH"
"VO323003150930","VO","32","2015-03-30T09:30:00.000",,"11.9","V","SH"
"VO403003150930","VO","40","2015-03-30T09:30:00.000","2015-03-30T09:57:00.000","12.2","V","SH"
"VO363003150930","VO","36","2015-03-30T09:30:00.000",,"427","V","SH"
"VP543003150930","VP","54","2015-03-30T09:30:00.000",,"250","V","SH"
"VP353003150930","VP","35","2015-03-30T09:30:00.000",,"0","V","SH"
"VP723003150930","VP","72","2015-03-30T09:30:00.000","2015-03-30T09:30:00.000","0","V","SH"
"VP363003150930","VP","36","2015-03-30T09:30:00.000",,"515","V","SH"
"VP493003150930","VP","49","2015-03-30T09:30:00.000",,"259","V","SH"
"VP533003150930","VP","53","2015-03-30T09:30:00.000","2015-03-30T09:50:00.000","8.6","V","SH"
"VP323003150930","VP","32","2015-03-30T09:30:00.000",,"13.4","V","SH"
"VP403003150930","VP","40","2015-03-30T09:30:00.000","2015-03-30T09:59:00.000","13.9","V","SH"
"VP423003150930","VP","42","2015-03-30T09:30:00.000","2015-03-30T09:30:00.000","13","V","SH"
"VP333003150930","VP","33","2015-03-30T09:30:00.000",,"53","V","SH"
"VP443003150930","VP","44","2015-03-30T09:30:00.000","2015-03-30T09:52:00.000","49","V","SH"
"VP033003150930","VP","3","2015-03-30T09:30:00.000","2015-03-30T09:39:00.000","56","V","SH"
"VP483003150930","VP","48","2015-03-30T09:30:00.000",,"5.1","V","SH"
"VQ313003150930","VQ","31","2015-03-30T09:30:00.000",,"300","V","SH"
"VQ403003150930","VQ","40","2015-03-30T09:30:00.000","2015-03-30T09:55:00.000","20.8","V","SH"
"VQ513003150930","VQ","51","2015-03-30T09:30:00.000",,"298","V","SH"
"VQ353003150930","VQ","35","2015-03-30T09:30:00.000",,"0","V","SH"
"VQ723003150930","VQ","72","2015-03-30T09:30:00.000","2015-03-30T09:30:00.000","0","V","SH"
"VQ363003150930","VQ","36","2015-03-30T09:30:00.000",,"377","V","SH"
"VQ593003150930","VQ","59","2015-03-30T09:30:00.000",,"185","V","SH"
"VQ343003150930","VQ","34","2015-03-30T09:30:00.000",,"1006.5","V","SH"
"VQ013003150930","VQ","1","2015-03-30T09:30:00.000","2015-03-30T09:35:00.000","1006.7","V","SH"
"VQ023003150930","VQ","2","2015-03-30T09:30:00.000","2015-03-30T09:52:00.000","1006.3","V","SH"
"VQ423003150930","VQ","42","2015-03-30T09:30:00.000","2015-03-30T09:30:00.000","19.7","V","SH"
"VQ333003150930","VQ","33","2015-03-30T09:30:00.000",,"32","V","SH"
"VQ443003150930","VQ","44","2015-03-30T09:30:00.000","2015-03-30T09:59:00.000","29","V","SH"
"VQ033003150930","VQ","3","2015-03-30T09:30:00.000","2015-03-30T09:31:00.000","36","V","SH"
"VQ303003150930","VQ","30","2015-03-30T09:30:00.000",,"2.4","V","SH"
"VQ323003150930","VQ","32","2015-03-30T09:30:00.000",,"20.2","V","SH"
"VQ503003150930","VQ","50","2015-03-30T09:30:00.000","2015-03-30T09:34:00.000","8","V","SH"
"VS313003150930","VS","31","2015-03-30T09:30:00.000",,"163","V","SH"
"VS303003150930","VS","30","2015-03-30T09:30:00.000",,"4.9","V","SH"
"VS513003150930","VS","51","2015-03-30T09:30:00.000",,"53","V","SH"
"VS363003150930","VS","36","2015-03-30T09:30:00.000",,"187","V","SH"
"VS593003150930","VS","59","2015-03-30T09:30:00.000",,"17","V","SH"
"VS343003150930","VS","34","2015-03-30T09:30:00.000",,"781.6","V","SH"
"VS013003150930","VS","1","2015-03-30T09:30:00.000","2015-03-30T09:59:00.000","782.1","V","SH"
"VS023003150930","VS","2","2015-03-30T09:30:00.000","2015-03-30T09:51:00.000","781.1","V","SH"
"VS383003150930","VS","38","2015-03-30T09:30:00.000",,"1552","V","SH"
"VS353003150930","VS","35","2015-03-30T09:30:00.000",,"0.7","V","SH"
"VS323003150930","VS","32","2015-03-30T09:30:00.000",,"1.4","V","SH"
"VS403003150930","VS","40","2015-03-30T09:30:00.000","2015-03-30T09:50:00.000","1.7","V","SH"
"VS423003150930","VS","42","2015-03-30T09:30:00.000","2015-03-30T09:40:00.000","1.2","V","SH"
"VS333003150930","VS","33","2015-03-30T09:30:00.000",,"100","V","SH"
"VS443003150930","VS","44","2015-03-30T09:30:00.000","2015-03-30T09:30:00.000","100","V","SH"
"VS033003150930","VS","3","2015-03-30T09:30:00.000","2015-03-30T09:33:00.000","100","V","SH"
"VS503003150930","VS","50","2015-03-30T09:30:00.000","2015-03-30T09:41:00.000","14.8","V","SH"
"VU563003150930","VU","56","2015-03-30T09:30:00.000","2015-03-30T09:35:00.000","1.6","V","SH"
"VU323003150930","VU","32","2015-03-30T09:30:00.000",,"15.2","V","SH"
"VU403003150930","VU","40","2015-03-30T09:30:00.000","2015-03-30T09:59:00.000","15.9","V","SH"
"VU423003150930","VU","42","2015-03-30T09:30:00.000","2015-03-30T09:30:00.000","14.7","V","SH"
"VU333003150930","VU","33","2015-03-30T09:30:00.000",,"50","V","SH"
"VU443003150930","VU","44","2015-03-30T09:30:00.000","2015-03-30T09:55:00.000","48","V","SH"
"VU473003150930","VU","47","2015-03-30T09:30:00.000",,"47","V","SH"
"VU573003150930","VU","57","2015-03-30T09:30:00.000",,"63","V","SH"
"VU353003150930","VU","35","2015-03-30T09:30:00.000",,"0","V","SH"
"VU723003150930","VU","72","2015-03-30T09:30:00.000","2015-03-30T09:30:00.000","0","V","SH"
"VU363003150930","VU","36","2015-03-30T09:30:00.000",,"356","V","SH"
"VU463003150930","VU","46","2015-03-30T09:30:00.000",,"0.3","V","SH"
"VU033003150930","VU","3","2015-03-30T09:30:00.000","2015-03-30T09:30:00.000","52","V","SH"
"VV503003150930","VV","50","2015-03-30T09:30:00.000","2015-03-30T09:55:00.000","5.5","V","SH"
"VV513003150930","VV","51","2015-03-30T09:30:00.000",,"172","V","SH"
"VV353003150930","VV","35","2015-03-30T09:30:00.000",,"0","V","SH"
"VV723003150930","VV","72","2015-03-30T09:30:00.000","2015-03-30T09:30:00.000","0","V","SH"
"VV323003150930","VV","32","2015-03-30T09:30:00.000",,"13.4","V","SH"
"VV313003150930","VV","31","2015-03-30T09:30:00.000",,"188","V","SH"
"VV423003150930","VV","42","2015-03-30T09:30:00.000","2015-03-30T09:30:00.000","13.2","V","SH"
"VV333003150930","VV","33","2015-03-30T09:30:00.000",,"55","V","SH"
"VV443003150930","VV","44","2015-03-30T09:30:00.000","2015-03-30T09:53:00.000","52","V","SH"
"VV033003150930","VV","3","2015-03-30T09:30:00.000","2015-03-30T09:37:00.000","56","V","SH"
"VV303003150930","VV","30","2015-03-30T09:30:00.000",,"2.4","V","SH"
"VV403003150930","VV","40","2015-03-30T09:30:00.000","2015-03-30T09:59:00.000","13.8","V","SH"
"VX333003150930","VX","33","2015-03-30T09:30:00.000",,"43","V","SH"
"VX443003150930","VX","44","2015-03-30T09:30:00.000","2015-03-30T09:30:00.000","40","V","SH"
"VX033003150930","VX","3","2015-03-30T09:30:00.000","2015-03-30T09:40:00.000","46","V","SH"
"VX323003150930","VX","32","2015-03-30T09:30:00.000",,"12.9","V","SH"
"VX403003150930","VX","40","2015-03-30T09:30:00.000","2015-03-30T09:30:00.000","13.4","V","SH"
"VX423003150930","VX","42","2015-03-30T09:30:00.000","2015-03-30T09:40:00.000","12.4","V","SH"
"VX723003150930","VX","72","2015-03-30T09:30:00.000","2015-03-30T09:30:00.000","0","V","SH"
"VX353003150930","VX","35","2015-03-30T09:30:00.000",,"0","V","SH"
"VY423003150930","VY","42","2015-03-30T09:30:00.000","2015-03-30T09:30:00.000","18.5","V","SH"
"VY033003150930","VY","3","2015-03-30T09:30:00.000","2015-03-30T09:33:00.000","28","V","SH"
"VY353003150930","VY","35","2015-03-30T09:30:00.000",,"0","V","SH"
"VY403003150930","VY","40","2015-03-30T09:30:00.000","2015-03-30T09:53:00.000","19.6","V","SH"
"VY333003150930","VY","33","2015-03-30T09:30:00.000",,"27","V","SH"
"VY443003150930","VY","44","2015-03-30T09:30:00.000","2015-03-30T09:56:00.000","26","V","SH"
"VY323003150930","VY","32","2015-03-30T09:30:00.000",,"19","V","SH"
"VY723003150930","VY","72","2015-03-30T09:30:00.000","2015-03-30T09:30:00.000","0","V","SH"
"VZ423003150930","VZ","42","2015-03-30T09:30:00.000","2015-03-30T09:33:00.000","16.8","V","SH"
"VZ333003150930","VZ","33","2015-03-30T09:30:00.000",,"68","V","SH"
"VZ443003150930","VZ","44","2015-03-30T09:30:00.000","2015-03-30T09:57:00.000","62","V","SH"
"VZ723003150930","VZ","72","2015-03-30T09:30:00.000","2015-03-30T09:30:00.000","0","V","SH"
"VZ353003150930","VZ","35","2015-03-30T09:30:00.000",,"0","V","SH"
"VZ323003150930","VZ","32","2015-03-30T09:30:00.000",,"17.1","V","SH"
"VZ403003150930","VZ","40","2015-03-30T09:30:00.000","2015-03-30T09:59:00.000","17.5","V","SH"
"VZ033003150930","VZ","3","2015-03-30T09:30:00.000","2015-03-30T09:48:00.000","73","V","SH"
"V1403003150930","V1","40","2015-03-30T09:30:00.000","2015-03-30T09:59:00.000","18.9","V","SH"
"V1423003150930","V1","42","2015-03-30T09:30:00.000","2015-03-30T09:30:00.000","17.6","V","SH"
"V1323003150930","V1","32","2015-03-30T09:30:00.000",,"18.2","V","SH"
"V1333003150930","V1","33","2015-03-30T09:30:00.000",,"36","V","SH"
"V1443003150930","V1","44","2015-03-30T09:30:00.000","2015-03-30T09:56:00.000","33","V","SH"
"V1593003150930","V1","59","2015-03-30T09:30:00.000",,"215","V","SH"
"V1363003150930","V1","36","2015-03-30T09:30:00.000",,"417","V","SH"
"V1463003150930","V1","46","2015-03-30T09:30:00.000",,"4.3","V","SH"
"V1473003150930","V1","47","2015-03-30T09:30:00.000",,"275","V","SH"
"V1563003150930","V1","56","2015-03-30T09:30:00.000","2015-03-30T09:59:00.000","7.9","V","SH"
"V1573003150930","V1","57","2015-03-30T09:30:00.000",,"288","V","SH"
"V1353003150930","V1","35","2015-03-30T09:30:00.000",,"0","V","SH"
"V1723003150930","V1","72","2015-03-30T09:30:00.000","2015-03-30T09:30:00.000","0","V","SH"
"V1033003150930","V1","3","2015-03-30T09:30:00.000","2015-03-30T09:31:00.000","40","V","SH"
"V3723003150930","V3","72","2015-03-30T09:30:00.000","2015-03-30T09:30:00.000","0","V","SH"
"V3363003150930","V3","36","2015-03-30T09:30:00.000",,"322","V","SH"
"V3323003150930","V3","32","2015-03-30T09:30:00.000",,"11.4","V","SH"
"V3403003150930","V3","40","2015-03-30T09:30:00.000","2015-03-30T09:59:00.000","11.9","V","SH"
"V3423003150930","V3","42","2015-03-30T09:30:00.000","2015-03-30T09:31:00.000","10.8","V","SH"
"V3333003150930","V3","33","2015-03-30T09:30:00.000",,"77","V","SH"
"V3353003150930","V3","35","2015-03-30T09:30:00.000",,"0","V","SH"
"V3033003150930","V3","3","2015-03-30T09:30:00.000","2015-03-30T09:39:00.000","80","V","SH"
"V3463003150930","V3","46","2015-03-30T09:30:00.000",,"0.6","V","SH"
"V3473003150930","V3","47","2015-03-30T09:30:00.000",,"55","V","SH"
"V3563003150930","V3","56","2015-03-30T09:30:00.000","2015-03-30T09:30:00.000","1.8","V","SH"
"V3573003150930","V3","57","2015-03-30T09:30:00.000",,"56","V","SH"
"V3443003150930","V3","44","2015-03-30T09:30:00.000","2015-03-30T09:48:00.000","76","V","SH"
"V4353003150930","V4","35","2015-03-30T09:30:00.000",,"0","V","SH"
"V4723003150930","V4","72","2015-03-30T09:30:00.000","2015-03-30T09:30:00.000","0","V","SH"
"V4443003150930","V4","44","2015-03-30T09:30:00.000","2015-03-30T09:59:00.000","62","V","SH"
"V4333003150930","V4","33","2015-03-30T09:30:00.000",,"68","V","SH"
